,created_at,id_str,reply_count,retweet_count,text,user,name,state,party
0,Wed May 17 23:23:18 +0000 2017,8.65E+17,71,186,Bob Mueller has the experience to conduct a thorough investigation. Must be given independent authority to follow facts wherever they lead.,SenBillNelson,Bill Nelson,Florida,Democratic
1,Tue May 16 22:25:38 +0000 2017,8.65E+17,96,71,"If true, this is another piece to the puzzle and it does not look good for the White House. https://t.co/wo2ZG8QsPi",SenBillNelson,Bill Nelson,Florida,Democratic
2,Tue May 09 22:30:41 +0000 2017,8.62E+17,371,1141,Now it is more clear than ever that we need an independent commission to get to the truth of Russia’s interference with our election.,SenBillNelson,Bill Nelson,Florida,Democratic
3,Fri May 05 21:19:20 +0000 2017,8.61E+17,35,80,Working on legislation to speed up Everglades restoration and build new reservoir south of Lake O. Will introduce later this month.,SenBillNelson,Bill Nelson,Florida,Democratic
4,Thu May 04 20:38:35 +0000 2017,8.60E+17,367,406,This GOP healthcare plan will make it nearly impossible for anyone with a pre-existing condition to get health insurance. I won’t support it,SenBillNelson,Bill Nelson,Florida,Democratic
5,Tue May 02 21:42:07 +0000 2017,8.60E+17,26,80,The Pentagon agrees: expanding oil drilling in the Gulf of Mexico could threaten our nation’s military readiness.… https://t.co/IgtC8IwOOx,SenBillNelson,Bill Nelson,Florida,Democratic
6,Wed Apr 26 18:21:40 +0000 2017,8.57E+17,40,126,Gutting the FCC’s net neutrality rules robs Americans of protections that preserve their access to the open and free internet,SenBillNelson,Bill Nelson,Florida,Democratic
7,Tue Apr 25 20:50:40 +0000 2017,8.57E+17,18,32,Just sent this letter to State Dept urging it to open a temporary passport office in Miami while repairs being made: https://t.co/hp7xnkzCNm,SenBillNelson,Bill Nelson,Florida,Democratic
8,Fri Apr 07 02:12:36 +0000 2017,8.50E+17,289,288,I support the admin’s strike on the air base that launched the chemical attack. I hope this teaches Assad not to use chemical weapons again.,SenBillNelson,Bill Nelson,Florida,Democratic
9,Mon Apr 03 14:20:07 +0000 2017,8.49E+17,51,37,I had a great time yesterday speaking at Rep. Val Demings’ church in Orlando along with Sen. Cory Booker (D-NJ). https://t.co/VEkDVc4MrZ,SenBillNelson,Bill Nelson,Florida,Democratic
10,Mon Mar 13 21:30:55 +0000 2017,8.41E+17,418,322,"It is wrong to take away health insurance for 24 million people, as well as increase the cost to seniors.",SenBillNelson,Bill Nelson,Florida,Democratic
11,Thu Mar 09 18:24:52 +0000 2017,8.40E+17,30,65,Today marks 10 years since Bob Levinson disappeared near Iran. We’re renewing our call for Iran to help return Bob… https://t.co/X9LI7BgmtX,SenBillNelson,Bill Nelson,Florida,Democratic
12,Thu Mar 02 16:47:28 +0000 2017,8.37E+17,269,255,Sessions should recuse himself. There should be an independent commission and special prosecutor appointed to get to the bottom of this.,SenBillNelson,Bill Nelson,Florida,Democratic
13,Thu Feb 16 22:59:01 +0000 2017,8.32E+17,402,424,Scott Pruitt’s ties to the oil industry are deeply concerning and Floridians can't afford the risk. I’ll vote no on… https://t.co/jQ4BB1Nyuz,SenBillNelson,Bill Nelson,Florida,Democratic
14,Wed Feb 15 21:49:45 +0000 2017,8.32E+17,53,39,Good news for Jacksonville! A new squadron of Navy drones – and 400 sailors – are heading to Mayport.,SenBillNelson,Bill Nelson,Florida,Democratic
15,Fri Feb 03 20:12:14 +0000 2017,8.28E+17,100,64,Brought Sen. Thune to the Everglades today to show him what we’re restoring – got to show him something else you wo… https://t.co/OTdIISWHq7,SenBillNelson,Bill Nelson,Florida,Democratic
16,Sun Jan 22 22:21:13 +0000 2017,8.23E+17,693,97,A lot happened in Washington the past few days. My privilege is to represent the people of Florida.  https://t.co/4CWXWEJix6,SenBillNelson,Bill Nelson,Florida,Democratic
17,Thu Jan 19 17:42:13 +0000 2017,8.22E+17,20,28,"We lost a real hero Monday. Gene Cernan, the last on the moon, like Neil Armstrong, the first, was only 82. Picture… https://t.co/AvDxfYI7yK",SenBillNelson,Bill Nelson,Florida,Democratic
18,Mon Jan 09 16:02:44 +0000 2017,8.18E+17,27,42,Our thoughts and prayers are with the family of the Orlando police officer killed in the line of duty this morning.,SenBillNelson,Bill Nelson,Florida,Democratic
19,Thu Jan 05 23:13:00 +0000 2017,8.17E+17,88,105,"Just filed legislation to prevent a repeal of the Medicare “donut hole"" provisions that save seniors $1,000 a year. https://t.co/jTANlZYQTa",SenBillNelson,Bill Nelson,Florida,Democratic
20,Thu Dec 08 22:33:01 +0000 2016,8.07E+17,19,39,John Glenn was the pioneer. He was the one who paved the way: https://t.co/qLygtV6AYr.,SenBillNelson,Bill Nelson,Florida,Democratic
21,Thu Dec 08 16:43:16 +0000 2016,8.07E+17,9,17,Enjoyed meeting the Marines who stopped by the Senate to collect toys for children in need this holiday season. Tha… https://t.co/LXzWFo4jJj,SenBillNelson,Bill Nelson,Florida,Democratic
22,Sat Nov 26 15:19:40 +0000 2016,8.03E+17,86,244,"Now that Fidel is gone, U.S. should press hard against Raul and support the Cuban people until he provides basic rights and freedoms to all.",SenBillNelson,Bill Nelson,Florida,Democratic
23,Wed Nov 23 17:22:54 +0000 2016,8.01E+17,4,50,Congratulations to Miami Dade College President Eduardo Padrón on being awarded a much-deserved Presidential Medal… https://t.co/hXR0ptI6Wk,SenBillNelson,Bill Nelson,Florida,Democratic
24,Fri Nov 18 17:15:22 +0000 2016,8.00E+17,49,185,State of Florida is reportedly selling drivers’ private info to companies – I’ve asked Justice Dept. to investigate: https://t.co/0rSLFXZlDY,SenBillNelson,Bill Nelson,Florida,Democratic
25,Wed Oct 05 15:48:44 +0000 2016,7.84E+17,9,30,"At Palm Beach EOC. Army Corps says no issues with dike now, but more than 5 inches of rain north of Lake O could st… https://t.co/7GNKwwT5Lh",SenBillNelson,Bill Nelson,Florida,Democratic
26,Wed Sep 28 19:25:28 +0000 2016,7.81E+17,17,41,"Good news in fight against #Zika: the Senate just approved $1.1 billion to fight the virus, and the House is now expected to do the same.",SenBillNelson,Bill Nelson,Florida,Democratic
27,Tue Jun 28 22:05:07 +0000 2016,7.48E+17,38,82,Our thoughts and prayers are with the people of Istanbul. There should be no place for such senseless violence in a civilized world.,SenBillNelson,Bill Nelson,Florida,Democratic
28,Wed Jun 22 14:37:46 +0000 2016,7.46E+17,59,46,Had a good conversation with CNN’s @AlisynCamerota about the new bipartisan gun bill we introduced. Here it is: https://t.co/q07HwyYqQJ,SenBillNelson,Bill Nelson,Florida,Democratic
29,Wed Jun 15 14:02:37 +0000 2016,7.43E+17,211,671,I just filed legislation to ensure the FBI is alerted if a terrorism suspect buys a gun; here are the details: https://t.co/edK4A4AWNI,SenBillNelson,Bill Nelson,Florida,Democratic
30,Fri May 27 01:24:33 +0000 2016,7.36E+17,89,160,Florida's beautiful beaches and tourism-driven economy cannot coexist with oil rigs off its coast. https://t.co/aopXrdTclv,SenBillNelson,Bill Nelson,Florida,Democratic
31,Tue Apr 19 21:39:59 +0000 2016,7.23E+17,21,50,"The President today signed our bill to speed up the search for a Zika virus cure. With more FL cases today, we must stop this virus ASAP.",SenBillNelson,Bill Nelson,Florida,Democratic
32,Fri Apr 08 21:12:19 +0000 2016,7.19E+17,7,28,Congrats @SpaceX on a successful launch and the first-ever landing at sea. Amazing!  #GoingToMars,SenBillNelson,Bill Nelson,Florida,Democratic
33,Thu Apr 07 17:48:02 +0000 2016,7.18E+17,5,11,It’s the last day to tell @USFWS your thoughts about taking manatees off the endangered species list. Comment here: https://t.co/sPZkkm5VTj,SenBillNelson,Bill Nelson,Florida,Democratic
34,Wed Apr 06 14:36:27 +0000 2016,7.18E+17,4,19,It’s official: Hurricane Hunters will stay in Tampa Bay. NOAA announced that it’s looking to relocate them within 50 miles of MacDill AFB.,SenBillNelson,Bill Nelson,Florida,Democratic
35,Fri Mar 25 16:59:40 +0000 2016,7.13E+17,30,20,The noose is being tightened on ISIS in Syria and Iraq. The killing of two top ISIS leaders is evidence of that progress.,SenBillNelson,Bill Nelson,Florida,Democratic
36,Wed Mar 16 16:07:12 +0000 2016,7.10E+17,50,199,The Senate has a responsibility to fill Supreme Court vacancies and I hope we’re given a chance to fully consider the president’s nominee.,SenBillNelson,Bill Nelson,Florida,Democratic
37,Wed Mar 09 14:59:28 +0000 2016,7.08E+17,11,18,Today marks nine years since Bob Levinson went missing in Iran; it’s time for Iran to finally fulfill its promises to help us bring Bob home,SenBillNelson,Bill Nelson,Florida,Democratic
38,Tue Feb 23 22:01:11 +0000 2016,7.02E+17,8,15,New documents show Takata employees routinely manipulated safety testing data. Here’s the report: https://t.co/R0awA9aUTW.,SenBillNelson,Bill Nelson,Florida,Democratic
39,Thu Feb 11 19:08:26 +0000 2016,6.98E+17,3,6,NTSB just announced it will search again for El Faro’s missing data recorder. https://t.co/00U6Cb7dbY,SenBillNelson,Bill Nelson,Florida,Democratic
40,Thu Jan 28 22:26:07 +0000 2016,6.93E+17,2,17,"Today we remember the Challenger crew for their courage, sacrifice and pioneering spirit. https://t.co/BC2nJhTvfL",SenBillNelson,Bill Nelson,Florida,Democratic
41,Mon Jan 11 23:12:52 +0000 2016,6.87E+17,9,9,We won one little battle today: https://t.co/Zh6iVfugX5.,SenBillNelson,Bill Nelson,Florida,Democratic
42,Tue Dec 22 16:59:28 +0000 2015,6.79E+17,6,25,Congrats @SpaceX on a successful landing last night. This is a big deal for the country and gets us even closer to our ultimate goal: Mars!,SenBillNelson,Bill Nelson,Florida,Democratic
43,Sat Nov 14 02:22:39 +0000 2015,6.65E+17,67,47,This evil must be met with force that is smart and intelligence that is deep.,SenBillNelson,Bill Nelson,Florida,Democratic
44,Mon Nov 09 01:55:20 +0000 2015,6.64E+17,5,20,"Rhea Chiles was a great First Lady, partner to Lawton and friend to many of us. One of her many legacies is Florida House, our embassy in DC",SenBillNelson,Bill Nelson,Florida,Democratic
45,Tue Sep 29 21:29:57 +0000 2015,6.49E+17,6,32,Great meeting with Oscar-winning actor Denzel Washington today.  He’s a great advocate for @BGCA_Clubs. http://t.co/NFlUZVEA3c,SenBillNelson,Bill Nelson,Florida,Democratic
46,Mon Sep 28 16:53:48 +0000 2015,6.49E+17,24,24,Finding water on Mars boosts likelihood of humans one day being able to live there.,SenBillNelson,Bill Nelson,Florida,Democratic
47,Tue Jul 21 14:10:51 +0000 2015,6.23E+17,12,9,I'm sorry Dr. Claudia Alexander isn't with us to see all these Pluto pix. The NASA trailblazer passed away July 11: http://t.co/gLG7qqvBIK,SenBillNelson,Bill Nelson,Florida,Democratic
48,Mon Jul 20 23:42:13 +0000 2015,6.23E+17,10,19,Today marks 46 years since first human on moon. http://t.co/11Ejl6SzpR,SenBillNelson,Bill Nelson,Florida,Democratic
49,Wed Jul 15 15:58:47 +0000 2015,6.21E+17,16,49,Congratulations to @NASA on its unmanned mission to the edge of our solar system. Now let's send humans to Mars.,SenBillNelson,Bill Nelson,Florida,Democratic
50,Wed Jul 08 17:07:39 +0000 2015,6.19E+17,53,71,"Three major computer malfunctions on same day give appearance of an attack, serve as reminder Congress must pass a cybersecurity bill",SenBillNelson,Bill Nelson,Florida,Democratic
51,Wed Jul 01 20:03:38 +0000 2015,6.16E+17,11,26,"On highway today and reminded why I don’t like idea of allowing longer, heavier trucks. Here’s DOT’s study on it: http://t.co/ilzB5kFth0",SenBillNelson,Bill Nelson,Florida,Democratic
52,Sun Jun 28 15:57:15 +0000 2015,6.15E+17,10,41,What happened today is why I hold my breath and say a little prayer every time we launch a big rocket.,SenBillNelson,Bill Nelson,Florida,Democratic
53,Fri Jun 26 15:49:27 +0000 2015,6.14E+17,28,23,The Supreme Court has ruled and gay marriage is the law of the land. I support this decision.,SenBillNelson,Bill Nelson,Florida,Democratic
54,Thu Jun 25 20:23:33 +0000 2015,6.14E+17,40,26,"Hopefully, extremists will now stop trying to dismantle the Affordable Care Act and instead join us in trying to improve it where needed.",SenBillNelson,Bill Nelson,Florida,Democratic
55,Thu May 21 17:09:19 +0000 2015,6.01E+17,37,26,Florida is again under siege from Big Oil. http://t.co/9JXCSn0OdK,SenBillNelson,Bill Nelson,Florida,Democratic
56,Mon Apr 27 21:20:16 +0000 2015,5.93E+17,3,21,UCF for 2nd year in a row wins national title in cyber-defense competition. http://t.co/Cq0NoJ11Di,SenBillNelson,Bill Nelson,Florida,Democratic
57,Tue Apr 14 21:16:32 +0000 2015,5.88E+17,34,15,Castro should not be rewarded while there are ongoing human rights violations in Cuba. http://t.co/nMXvnBIiQF,SenBillNelson,Bill Nelson,Florida,Democratic
58,Mon Apr 13 18:52:54 +0000 2015,5.88E+17,68,62,I have a great personal and professional relationship with Marco. But I am all in with Hillary.,SenBillNelson,Bill Nelson,Florida,Democratic
59,Thu Mar 26 20:29:10 +0000 2015,5.81E+17,26,49,Science shouldn't be muzzled. http://t.co/gxLibsNS1U,SenBillNelson,Bill Nelson,Florida,Democratic
60,Wed Mar 11 21:04:44 +0000 2015,5.76E+17,33,36,Reports say Florida led the nation in Obamacare sign ups. http://t.co/t9csEwO5Jc,SenBillNelson,Bill Nelson,Florida,Democratic
61,Mon Mar 09 20:26:40 +0000 2015,5.75E+17,19,16,Just filed a bill to increase penalties for ID thieves who commit tax fraud. Here are the details: http://t.co/5K5cvrRoHN,SenBillNelson,Bill Nelson,Florida,Democratic
62,Fri Feb 27 18:25:25 +0000 2015,5.71E+17,8,10,Pleased to have @ConsumersUnion support of our bill protecting kids from poisoning. http://t.co/58lgmdaDG9,SenBillNelson,Bill Nelson,Florida,Democratic
63,Fri Feb 27 18:15:57 +0000 2015,5.71E+17,6,5,Happy to report @ConsumerFed support of my bill to make liquid nicotine packaging child-resistant. http://t.co/hKnxKwlA9D,SenBillNelson,Bill Nelson,Florida,Democratic
64,Wed Feb 25 18:48:22 +0000 2015,5.71E+17,17,24,"I’ve asked @TheJusticeDept to investigate the deaths of 51 kids at the Dozier School for Boys in Marianna, FL: http://t.co/hV7Edxk5l1",SenBillNelson,Bill Nelson,Florida,Democratic
65,Wed Jan 07 13:59:54 +0000 2015,5.53E+17,34,16,The people behind the attacks in Paris are nothing but murderous extremists.,SenBillNelson,Bill Nelson,Florida,Democratic
66,Mon Jan 05 21:53:34 +0000 2015,5.52E+17,4,11,ESPN'S Stuart Scott had an amazing ability to connect with people including many who remember his time broadcasting in Orlando.,SenBillNelson,Bill Nelson,Florida,Democratic
67,Tue Dec 23 22:34:44 +0000 2014,5.48E+17,13,65,Florida has officially surpassed New York to become the third most populous state in the country.,SenBillNelson,Bill Nelson,Florida,Democratic
68,Fri Dec 05 13:34:49 +0000 2014,5.41E+17,13,70,I shot this video of #orion launch this morning @nasakennedy @nasa_go4launch http://t.co/vRxh74Yv9L,SenBillNelson,Bill Nelson,Florida,Democratic
69,Fri Dec 05 12:27:33 +0000 2014,5.41E+17,7,36,#Orion is a star now,SenBillNelson,Bill Nelson,Florida,Democratic
70,Wed Dec 03 17:22:36 +0000 2014,5.40E+17,10,14,Today marks fifth year of Alan Gross’s wrongful imprisonment in Cuba. On my way to the White House now – will discuss case while I’m there.,SenBillNelson,Bill Nelson,Florida,Democratic
71,Fri Nov 21 18:35:36 +0000 2014,5.36E+17,7,8,"Saturday is National Adoption Day. Remember, there are an estimated 100,000 kids in the U.S. in need of a good home. http://t.co/Yw3Hurj30w",SenBillNelson,Bill Nelson,Florida,Democratic
72,Thu Nov 20 18:11:09 +0000 2014,5.35E+17,48,90,Another campus shooting. Yet we still haven't started even a dialogue on keeping guns from criminals and the mentally ill.,SenBillNelson,Bill Nelson,Florida,Democratic
73,Thu Nov 20 16:21:33 +0000 2014,5.35E+17,6,4,Demanding answers from auto officials at airbag hearing. Watch here now: http://t.co/uclXxnH6rn,SenBillNelson,Bill Nelson,Florida,Democratic
74,Wed Nov 19 15:29:14 +0000 2014,5.35E+17,16,6,Tomorrow I’m asking officials for answers about deadly exploding airbags at 10am Senate hearing. Stay tuned for a link to watch.,SenBillNelson,Bill Nelson,Florida,Democratic
75,Wed Nov 12 16:56:08 +0000 2014,5.33E+17,9,34,Congrats to our European partners in space exploration for landing the first-ever spacecraft on a comet.,SenBillNelson,Bill Nelson,Florida,Democratic
76,Tue Oct 28 17:46:11 +0000 2014,5.27E+17,14,15,I’ve asked carmakers to give owners loaners or cover rental costs until all defective airbags are fixed. http://t.co/GnXqivSPHg,SenBillNelson,Bill Nelson,Florida,Democratic
77,Thu Oct 16 18:34:58 +0000 2014,5.23E+17,19,14,The situation in Dallas has convinced me it’s time to set up White House war room led by Ebola point person. http://t.co/VctePwIIvK,SenBillNelson,Bill Nelson,Florida,Democratic
78,Fri Oct 10 15:01:33 +0000 2014,5.21E+17,1,2,"Proud of Jayne Ellspermann from West Port High School in Ocala, named 2015 National Principal of the Year!",SenBillNelson,Bill Nelson,Florida,Democratic
79,Wed Oct 08 19:07:17 +0000 2014,5.20E+17,15,13,"U.S. must do more to combat the Ebola outbreak, including restricting travel visas from affected countries: http://t.co/gFv6LAFO6h",SenBillNelson,Bill Nelson,Florida,Democratic
80,Wed Sep 17 18:35:28 +0000 2014,5.12E+17,8,4,A major test in Congress for the effort to regulate e-cigarettes. Watch here now: http://t.co/LQJe9s0kyb,SenBillNelson,Bill Nelson,Florida,Democratic
81,Tue Sep 16 22:29:00 +0000 2014,5.12E+17,2,3,"Met the impressive Maryah Sullivan today, who was named Boys &amp; Girls Club Southeast Regional Youth of the Year. http://t.co/KfxftzNGkt",SenBillNelson,Bill Nelson,Florida,Democratic
82,Mon Sep 08 19:15:29 +0000 2014,5.09E+17,31,47,"Should be no safe place for ISIS, so I just filed legislation to authorize use of airstrikes against them in Syria. http://t.co/7AB3hEnRj4",SenBillNelson,Bill Nelson,Florida,Democratic
83,Sat Sep 06 18:00:38 +0000 2014,5.08E+17,25,7,This was the right immigration call by the president given the tea party’s stranglehold on House GOP.,SenBillNelson,Bill Nelson,Florida,Democratic
84,Thu Sep 04 11:53:19 +0000 2014,5.07E+17,11,15,Tune into @CNN at 8am to hear more about the bill I'm introducing next week to give the president clear authority for airstrikes in Syria.,SenBillNelson,Bill Nelson,Florida,Democratic
85,Wed Sep 03 22:12:42 +0000 2014,5.07E+17,7,3,"Tonight at 6:30, I’ll be speaking with @WolfBlitzer on CNN about the threat of ISIS.",SenBillNelson,Bill Nelson,Florida,Democratic
86,Wed Sep 03 17:39:52 +0000 2014,5.07E+17,10,20,I spoke with @RonanFarrow on MSNBC today about my legislation to give Obama clear authority to strike ISIS in Syria. http://t.co/hZJt4vcGQK,SenBillNelson,Bill Nelson,Florida,Democratic
87,Thu Aug 28 18:40:49 +0000 2014,5.05E+17,9,4,Just back from international meetings on ISIS and Ukraine and will give update on @OutFrontCNN tonight,SenBillNelson,Bill Nelson,Florida,Democratic
88,Fri Aug 01 16:05:07 +0000 2014,4.95E+17,15,12,"Sent a letter to Sec. Jewell to make known my opposition to oil drilling off Florida’s Atlantic coast. Now, urging local leaders to do same.",SenBillNelson,Bill Nelson,Florida,Democratic
89,Thu Jul 17 19:46:19 +0000 2014,4.90E+17,34,8,The decrease in U.S. drug fighting in Central America is the root cause of that region’s child exodus: http://t.co/1eWyf74H8T,SenBillNelson,Bill Nelson,Florida,Democratic
90,Thu Jul 10 18:01:59 +0000 2014,4.87E+17,11,9,We’ve got to keep kids from being exposed to this new kind of poison. http://t.co/Oe0uyQN77L,SenBillNelson,Bill Nelson,Florida,Democratic
91,Thu Jun 12 17:59:40 +0000 2014,4.77E+17,28,11,U.S. should consider use of drones with hellfire missiles if Iraq nears collapse.,SenBillNelson,Bill Nelson,Florida,Democratic
92,Tue Jun 10 19:55:12 +0000 2014,4.76E+17,3,14,Was great to watch president sign our bill awarding Congressional Gold Medal to veterans who served in an all-Puerto Rican unit of the Army.,SenBillNelson,Bill Nelson,Florida,Democratic
93,Mon Jun 09 22:21:37 +0000 2014,4.76E+17,7,13,I got a first-hand look at one of three spacecraft competing for America's next-generation commercial launch system. http://t.co/dYt4y15Izu,SenBillNelson,Bill Nelson,Florida,Democratic
94,Wed Jun 04 21:06:34 +0000 2014,4.74E+17,8,7,One of nation’s top scientific groups affirms we should go to Mars. http://t.co/K7usiv0rQs,SenBillNelson,Bill Nelson,Florida,Democratic
95,Fri May 30 16:50:50 +0000 2014,4.72E+17,23,19,A lot of heads should be rolling. There’s something in the VA’s culture that isn’t responding to serve our vets in the way they deserve.,SenBillNelson,Bill Nelson,Florida,Democratic
96,Wed May 28 17:36:23 +0000 2014,4.72E+17,4,23,Maya Angelou’s soul remains in the indelible words she left behind.,SenBillNelson,Bill Nelson,Florida,Democratic
97,Thu May 08 13:49:26 +0000 2014,4.64E+17,8,13,Developing and assembling long-range strike aircraft is a new beginning for Florida's Space Coast. http://t.co/EwMtfu6sJT,SenBillNelson,Bill Nelson,Florida,Democratic
98,Fri May 02 20:26:47 +0000 2014,4.62E+17,4,14,A report I asked for links various illnesses hitting some Floridians and defective Chinese drywall in their homes. http://t.co/YzcoaHV90x,SenBillNelson,Bill Nelson,Florida,Democratic
99,Mon Apr 28 14:25:20 +0000 2014,4.61E+17,5,19,“Florida lawmakers dilly dally while constituents die”  http://t.co/Rtwc1AgQhd,SenBillNelson,Bill Nelson,Florida,Democratic
100,Thu Apr 24 20:29:52 +0000 2014,4.59E+17,12,13,"U.S. shouldn't deal with Palestinian govt. that includes Hamas unless Hamas, among other things, renounces violence and recognizes Israel.",SenBillNelson,Bill Nelson,Florida,Democratic
101,Tue Apr 22 17:58:26 +0000 2014,4.59E+17,2,8,We're celebrating National Park Week - thanks to those with foresight to protect and preserve our country's natural resources and beauty.,SenBillNelson,Bill Nelson,Florida,Democratic
102,Tue Apr 22 14:03:59 +0000 2014,4.59E+17,5,27,"U.S. Senate Commerce Committee hearing in FL today to explore the effects of rising sea levels at ""ground zero"": http://t.co/WhrEt7Cp93",SenBillNelson,Bill Nelson,Florida,Democratic
103,Sat Apr 19 18:13:34 +0000 2014,4.58E+17,13,18,Hope you can take a minute to read my column in the Tampa Bay Times: http://t.co/dhXmrvDzbn,SenBillNelson,Bill Nelson,Florida,Democratic
104,Tue Apr 15 20:56:45 +0000 2014,4.56E+17,7,9,We should breathe a bit easier thanks to court ruling. http://t.co/d94b1TBXa1,SenBillNelson,Bill Nelson,Florida,Democratic
105,Tue Apr 08 18:30:50 +0000 2014,4.54E+17,27,24,I’m co-sponsoring the Paycheck Fairness Act because equal work deserves equal pay. http://t.co/luluh2yUKF,SenBillNelson,Bill Nelson,Florida,Democratic
106,Tue Apr 08 17:30:17 +0000 2014,4.54E+17,3,3,"4 yrs into wrongful imprisonment, Alan Gross announces hunger strike. We must keep pressure on Cuba for his release. http://t.co/z7MlFaKKjR",SenBillNelson,Bill Nelson,Florida,Democratic
107,Tue Apr 01 19:36:43 +0000 2014,4.51E+17,2,5,"http://t.co/DGX6b5IRNW is new, improved and better-equipped to help constituents. Check it out (on your mobile device, too)!",SenBillNelson,Bill Nelson,Florida,Democratic
108,Mon Mar 31 22:22:08 +0000 2014,4.51E+17,6,8,"It took a while, but it was worth the fight if we can save at least one child from being backed over by a car. http://t.co/PTrZZDnb9K",SenBillNelson,Bill Nelson,Florida,Democratic
109,Wed Mar 19 21:22:39 +0000 2014,4.46E+17,2,11,Service for Gov. Askew today was a fitting tribute and called to mind his unwavering commitment to integrity in public office.,SenBillNelson,Bill Nelson,Florida,Democratic
110,Thu Mar 13 22:36:14 +0000 2014,4.44E+17,14,14,"The flood insurance bill is not everything I wanted for homeowners, but it’s significant protection from unconscionable rate increases.",SenBillNelson,Bill Nelson,Florida,Democratic
111,Thu Mar 13 20:27:44 +0000 2014,4.44E+17,3,10,Getting ready to vote on flood insurance.  Should be in about 5 mins.,SenBillNelson,Bill Nelson,Florida,Democratic
112,Tue Mar 11 16:55:21 +0000 2014,4.43E+17,16,21,"If unchecked, rising sea levels threaten many coastal areas where some 14 million Floridians now live. http://t.co/1J0x8FmTU4",SenBillNelson,Bill Nelson,Florida,Democratic
113,Sun Mar 09 14:38:49 +0000 2014,4.43E+17,10,23,Today marks seven years since Bob Levinson disappeared while working in Iran. We need to keep pressure on government there to get him home.,SenBillNelson,Bill Nelson,Florida,Democratic
114,Wed Feb 26 17:58:52 +0000 2014,4.39E+17,3,9,Pleased @CommerceGov responded with $6.3 M to my request for disaster funding to decimated Apalachicola Bay oyster industry,SenBillNelson,Bill Nelson,Florida,Democratic
115,Thu Feb 20 17:31:20 +0000 2014,4.37E+17,8,22,Today marks 52 years since John Glenn became the 1st American to orbit the Earth.,SenBillNelson,Bill Nelson,Florida,Democratic
116,Thu Feb 13 22:00:44 +0000 2014,4.34E+17,6,13,With Dr. Haru Okuda at VA medical center in Orlando where simulation training will help save vets' lives: http://t.co/CXu7VRgw16,SenBillNelson,Bill Nelson,Florida,Democratic
117,Mon Feb 10 17:09:03 +0000 2014,4.33E+17,8,20,Met with UF students today to discuss Gov. Scott’s attempt to suppress the vote on college campuses. http://t.co/GGj4eKFQWd,SenBillNelson,Bill Nelson,Florida,Democratic
118,Thu Feb 06 22:28:46 +0000 2014,4.32E+17,14,15,Extension of unemployment benefits defeated due to lack of GOP votes. http://t.co/qiTcRdXVwj,SenBillNelson,Bill Nelson,Florida,Democratic
119,Tue Feb 04 16:26:26 +0000 2014,4.31E+17,17,13,Looks like farm bill with funds to save Florida oranges from citrus disease will win final passage this afternoon.,SenBillNelson,Bill Nelson,Florida,Democratic
120,Fri Jan 31 21:34:13 +0000 2014,4.29E+17,3,4,Withlacoochee River Electric Coop.'s Billy Brown and I at the opening of the new Lacoochee Community Center today http://t.co/Dx4USYo94w,SenBillNelson,Bill Nelson,Florida,Democratic
121,Wed Jan 29 22:31:13 +0000 2014,4.29E+17,16,25,USF team finds 55 bodies in unmarked graves at shuttered Florida reform school: http://t.co/mqQU0UbPZY,SenBillNelson,Bill Nelson,Florida,Democratic
122,Tue Jan 28 19:30:59 +0000 2014,4.28E+17,4,18,"In remembering Challenger crew today, let’s also remember crews of Apollo 1 and Columbia. http://t.co/rBBilMJr9N",SenBillNelson,Bill Nelson,Florida,Democratic
123,Mon Jan 27 21:59:09 +0000 2014,4.28E+17,7,12,Orange juice lovers take note: we got $125 million in the farm bill to find a cure for deadly citrus greening: http://t.co/OYCvHPrPqY,SenBillNelson,Bill Nelson,Florida,Democratic
124,Fri Jan 17 17:49:36 +0000 2014,4.24E+17,9,19,"The Senate is now scheduled to make an initial decision on curbing flood insurance rates on Monday, the 27th.",SenBillNelson,Bill Nelson,Florida,Democratic
125,Thu Jan 16 21:45:04 +0000 2014,4.24E+17,19,41,Stunned that GOP House leader says he’ll block our efforts to reduce flood insurance rates.  http://t.co/Hqo6ElCzZq,SenBillNelson,Bill Nelson,Florida,Democratic
126,Thu Jan 16 02:12:51 +0000 2014,4.24E+17,5,12,Feds to help Florida's unemployed with delayed benefit claims. http://t.co/bKekRRupKC,SenBillNelson,Bill Nelson,Florida,Democratic
127,Mon Jan 13 22:21:44 +0000 2014,4.23E+17,12,16,In the Senate today we’re honoring FSU for winning the 2014 BCS Championship! http://t.co/WRbgtIqMcr,SenBillNelson,Bill Nelson,Florida,Democratic
128,Mon Jan 13 17:20:04 +0000 2014,4.23E+17,3,14,"It’s been four years (yesterday) since that huge earthquake ravaged Haiti and killed 230,000.  Let’s keep the victims in our prayers.",SenBillNelson,Bill Nelson,Florida,Democratic
129,Fri Jan 10 22:34:50 +0000 2014,4.22E+17,9,29,Having a reunion this weekend with the shuttle crew I had a blast with in January 1986. http://t.co/es5d8OunU4,SenBillNelson,Bill Nelson,Florida,Democratic
130,Wed Jan 08 17:43:37 +0000 2014,4.21E+17,11,18,Keeping the International Space Station up for the next ten years is a big deal. http://t.co/5ctRvIlqdw,SenBillNelson,Bill Nelson,Florida,Democratic
131,Wed Dec 11 21:30:30 +0000 2013,4.11E+17,9,23,Proud to see Florida is one of the states that produced the most @PeaceCorps volunteers this year.,SenBillNelson,Bill Nelson,Florida,Democratic
132,Tue Dec 10 19:57:36 +0000 2013,4.10E+17,3,9,"Hats off to 6-year-old Connor Johnson, on a mission to save NASA: http://t.co/XClZdKMpfb",SenBillNelson,Bill Nelson,Florida,Democratic
133,Thu Dec 05 22:29:50 +0000 2013,4.09E+17,10,25,Nelson Mandela was one of the great pioneers of human rights whose courage inspired people around the world.,SenBillNelson,Bill Nelson,Florida,Democratic
134,Thu Nov 14 17:30:11 +0000 2013,4.01E+17,63,16,"Health reform law was meant to help uninsured get coverage, not cancel policies folks liked. President made the right decision today.",SenBillNelson,Bill Nelson,Florida,Democratic
135,Wed Oct 30 21:10:05 +0000 2013,3.96E+17,34,11,The only certain hurdle we have to overcome to fix the budget is excessive partisanship. http://t.co/E4H9kUv5PV,SenBillNelson,Bill Nelson,Florida,Democratic
136,Thu Oct 10 19:10:33 +0000 2013,3.88E+17,61,63,Short-term debt ceiling increase just kicks the can down the road - again. Right-wingers will have us back in this soup in just a few weeks.,SenBillNelson,Bill Nelson,Florida,Democratic
137,Wed Sep 18 16:04:31 +0000 2013,3.80E+17,60,8,Aging Committee today investigating impact of HIV/AIDS among elderly. Hearing live on Web at 2 p.m. http://t.co/4e6CSLNzQq,SenBillNelson,Bill Nelson,Florida,Democratic
138,Thu Sep 12 19:23:49 +0000 2013,3.78E+17,14,14,"After more than 36 years &amp; billions of miles, NASA confirms first human-made object has entered interstellar space: http://t.co/cokxtjTEFT",SenBillNelson,Bill Nelson,Florida,Democratic
139,Wed Aug 28 13:29:46 +0000 2013,3.73E+17,13,5,"We’re one step nearer to closure, now that scientists are getting help with reform school investigation. http://t.co/PUUBPNyfYC",SenBillNelson,Bill Nelson,Florida,Democratic
140,Tue Aug 27 14:48:12 +0000 2013,3.72E+17,115,41,"After chemical weapons use, military action with NATO and our regional allies against Syria's Assad is appropriate.",SenBillNelson,Bill Nelson,Florida,Democratic
141,Mon Aug 12 23:55:25 +0000 2013,3.67E+17,9,11,Florida’s oyster industry got a little help today. Hopefully there’s more to come after tomorrow. #sayfie http://t.co/gWRrDZCn5T,SenBillNelson,Bill Nelson,Florida,Democratic
142,Tue Aug 06 15:46:42 +0000 2013,3.65E+17,3,10,"FL Cabinet did the right thing today. Nothing can bring these boys back, but I’m hopeful the families will now get the closure they deserve.",SenBillNelson,Bill Nelson,Florida,Democratic
143,Wed Jul 31 20:50:24 +0000 2013,3.63E+17,1,6,' hope governor and Cabinet OK the investigation at Dozier when they meet Aug. 6. Here’s the story: http://t.co/kPCUEzGqNS,SenBillNelson,Bill Nelson,Florida,Democratic
144,Mon Jul 29 19:41:50 +0000 2013,3.62E+17,1,8,We lost a brave soul this past weekend. Thank you Col. 'Bud' Day for a lifetime of bravery &amp; service to our country. http://t.co/oVOZv5HOgN,SenBillNelson,Bill Nelson,Florida,Democratic
145,Wed Jul 17 18:47:52 +0000 2013,3.58E+17,4,9,Last spoke to @AstroMarshburn as he was orbiting 200mi above Earth! Good to welcome him &amp; @Cmdr_Hadfield to DC today. http://t.co/lvyrxE83Dv,SenBillNelson,Bill Nelson,Florida,Democratic
146,Tue Jul 16 19:39:42 +0000 2013,3.57E+17,4,12,Old South FL power plant gone in less than a minute to make room for one that burns cleaner fuel. http://t.co/gf9rXXD0Yj,SenBillNelson,Bill Nelson,Florida,Democratic
147,Mon Jul 15 21:38:02 +0000 2013,3.57E+17,4,24,"Too many children unaccounted for at Dozier.  Families have a right to know.  If the gov. really wanted to do something about it, he could.",SenBillNelson,Bill Nelson,Florida,Democratic
148,Thu Jul 11 19:55:45 +0000 2013,3.55E+17,23,6,I think it’s time for common-sense solutions to the sequester and budget stalemate. What about you? http://t.co/NYAQzDjBAu,SenBillNelson,Bill Nelson,Florida,Democratic
149,Tue Jul 09 14:00:34 +0000 2013,3.55E+17,2,3,A little story about keeping imagination alive. http://t.co/iB8yqstSng,SenBillNelson,Bill Nelson,Florida,Democratic
150,Fri Jun 28 15:42:14 +0000 2013,3.51E+17,21,8,What damage has been done by the Snowden leaks? Read my column in The Orlando Sentinel. http://t.co/jy0zvvmcsS,SenBillNelson,Bill Nelson,Florida,Democratic
151,Thu Jun 27 20:38:04 +0000 2013,3.50E+17,23,22,"I believe the immigration bill the Senate just passed is a balanced, bipartisan and common-sense step in the right direction.",SenBillNelson,Bill Nelson,Florida,Democratic
152,Fri Jun 14 21:23:22 +0000 2013,3.46E+17,11,12,Take time to thank a veteran or soldier today in honor of @USArmy’s 238th birthday.,SenBillNelson,Bill Nelson,Florida,Democratic
153,Thu May 16 20:53:14 +0000 2013,3.35E+17,21,5,Imagine taking a college class in space: http://t.co/o4qs4ORGZN,SenBillNelson,Bill Nelson,Florida,Democratic
154,Fri May 10 22:36:01 +0000 2013,3.33E+17,10,14,FAA says 14 small airport control towers in Florida will stay open. Good news: they are important to public safety and local economies.,SenBillNelson,Bill Nelson,Florida,Democratic
155,Tue May 07 16:32:39 +0000 2013,3.32E+17,10,5,What's happening right now aboard the space station? Watch our LIVE video uplink with some of the crew here: http://t.co/tytusy9ib0,SenBillNelson,Bill Nelson,Florida,Democratic
156,Thu Apr 25 17:23:02 +0000 2013,3.27E+17,17,5,I believe Syria’s President Assad must go.  http://t.co/I6RMC3dIfs,SenBillNelson,Bill Nelson,Florida,Democratic
157,Tue Apr 23 21:54:19 +0000 2013,3.27E+17,4,10,Human space exploration pushes us to the limits of our creativity. We want to get back into that business: http://t.co/Q3uZzCxQW5,SenBillNelson,Bill Nelson,Florida,Democratic
158,Fri Apr 19 20:47:13 +0000 2013,3.25E+17,11,25,Sign our petition to hold Big Oil fully responsible for the cost of cleaning up any future spills: http://t.co/jNfW1ylvKu,SenBillNelson,Bill Nelson,Florida,Democratic
159,Fri Apr 19 16:32:10 +0000 2013,3.25E+17,19,177,Oil companies should be held fully responsible for the cost of cleaning up spills. RT if you agree. http://t.co/xKOUGX4CoA,SenBillNelson,Bill Nelson,Florida,Democratic
160,Thu Apr 04 23:06:21 +0000 2013,3.20E+17,90,103,Ban on gay marriage is wrong. http://t.co/CwSOMbwFgL,SenBillNelson,Bill Nelson,Florida,Democratic
161,Mon Apr 01 22:17:31 +0000 2013,3.19E+17,7,2,Tomorrow I’m proud to honor a Tampa Bay area Vietnam veteran. http://t.co/gimVGgd1MC,SenBillNelson,Bill Nelson,Florida,Democratic
162,Mon Apr 01 22:10:52 +0000 2013,3.19E+17,4,3,The latest from AP photog @LynneSladky: http://t.co/jqMXZmPW5E,SenBillNelson,Bill Nelson,Florida,Democratic
163,Thu Mar 21 21:49:40 +0000 2013,3.15E+17,10,14,Wow. Underwater robots may have found engines from Apollo 11 flight that powered first men to land on the moon. http://t.co/goh5mNItfY,SenBillNelson,Bill Nelson,Florida,Democratic
164,Tue Mar 19 16:50:29 +0000 2013,3.14E+17,15,49,Was able to talk with her about death of dissident Oswaldo Payá. It’s time for an independent investigation … http://t.co/CVWxowMA1e,SenBillNelson,Bill Nelson,Florida,Democratic
165,Tue Mar 19 16:48:06 +0000 2013,3.14E+17,5,48,Thanks @yoanisanchez for coming to meet with members of the U.S. House and Senate today. http://t.co/Nh8dAxVl7r,SenBillNelson,Bill Nelson,Florida,Democratic
166,Mon Mar 18 21:11:50 +0000 2013,3.14E+17,1,2,La reunión con @yoanisanchez mañana. Espero con mucha interés esta reunión y oír sus ideas sobre la vida en Cuba.,SenBillNelson,Bill Nelson,Florida,Democratic
167,Mon Mar 18 21:07:40 +0000 2013,3.14E+17,5,2,Meeting @yoanisanchez tomorrow.  Looking forward to hearing her views on life in Cuba.,SenBillNelson,Bill Nelson,Florida,Democratic
168,Mon Mar 11 19:10:38 +0000 2013,3.11E+17,3,8,Yoani Sanchez to meet with members of Congress next week and share her unique view of life inside Cuba: http://t.co/7diwAAuKFP,SenBillNelson,Bill Nelson,Florida,Democratic
169,Thu Mar 07 22:56:57 +0000 2013,3.10E+17,5,6,Carl Levin is one of the finest senators I've met. He will be missed. http://t.co/TzW4QOQmtm,SenBillNelson,Bill Nelson,Florida,Democratic
170,Tue Mar 05 22:21:55 +0000 2013,3.09E+17,23,36,"Hopefully there will be a peaceful transition of power in Venezuela with real, meaningful democratic reforms.",SenBillNelson,Bill Nelson,Florida,Democratic
171,Tue Mar 05 22:14:03 +0000 2013,3.09E+17,5,10,The rule of Hugo Chavez is over.  http://t.co/yq1C6ug2RO,SenBillNelson,Bill Nelson,Florida,Democratic
172,Wed Feb 27 19:20:44 +0000 2013,3.07E+17,11,6,"Budget cuts could be devastating for research into treatment, prevention of cancer, Alzheimer’s, other diseases. http://t.co/pPqC7F6hhv",SenBillNelson,Bill Nelson,Florida,Democratic
173,Fri Feb 22 20:22:14 +0000 2013,3.05E+17,11,7,This is what's so great about representing Florida - its diverse heritage. http://t.co/G6425EVPRu,SenBillNelson,Bill Nelson,Florida,Democratic
174,Wed Feb 20 21:23:01 +0000 2013,3.04E+17,4,17,"A reporter asked me today who I was rooting for in this weekend’s Daytona 500. @DanicaPatrick, of course.",SenBillNelson,Bill Nelson,Florida,Democratic
175,Thu Feb 14 20:42:32 +0000 2013,3.02E+17,15,10,"We need to know whether things are getting overlooked, missed or bargained away during health-care law roll out. http://t.co/IvtjKUhV",SenBillNelson,Bill Nelson,Florida,Democratic
176,Wed Feb 13 18:06:54 +0000 2013,3.02E+17,8,12,Just noted at Finance Committee: Treasury nominee Jack Lew deserves credit for helping implement a plan for NASA when it was in turmoil.,SenBillNelson,Bill Nelson,Florida,Democratic
177,Tue Feb 12 22:19:31 +0000 2013,3.01E+17,6,5,By a 78-22 margin the Senate today took an important step toward curbing domestic violence. http://t.co/XI3zUd9Y,SenBillNelson,Bill Nelson,Florida,Democratic
178,Tue Feb 12 22:08:06 +0000 2013,3.01E+17,26,39,Questioning of former Sen. Hagel’s patriotism at committee meeting went way over the line. http://t.co/5iSAerSK,SenBillNelson,Bill Nelson,Florida,Democratic
179,Tue Feb 12 01:13:53 +0000 2013,3.01E+17,1,9,"Great to have @ryanlochte &amp; @ParentProjectMD stop by the office. Kids, parents touched by this disease are so strong. http://t.co/AO5PBZ0C",SenBillNelson,Bill Nelson,Florida,Democratic
180,Mon Feb 11 20:01:33 +0000 2013,3.01E+17,2,8,Florida Olympic swimmer @ryanlochte is on the Hill today supporting research towards a cure for Duchenne muscular dystrophy.,SenBillNelson,Bill Nelson,Florida,Democratic
181,Tue Feb 05 21:53:09 +0000 2013,2.99E+17,3,29,UF honored today as #1 Peace Corps school with 107 undergraduate alumni currently serving as volunteers in 76 countries worldwide.,SenBillNelson,Bill Nelson,Florida,Democratic
182,Mon Feb 04 18:27:59 +0000 2013,2.98E+17,4,3,Aw shucks: RT @learyreports: Bill Nelson one of '10 toughest politicians in Washington' http://t.co/Q2YNnwjE,SenBillNelson,Bill Nelson,Florida,Democratic
183,Fri Feb 01 15:45:02 +0000 2013,2.97E+17,1,17,Today marks 10 years since Columbia disaster. Allow me to share my thoughts on the accident and our space program. http://t.co/zjC66I4j,SenBillNelson,Bill Nelson,Florida,Democratic
184,Tue Jan 29 17:57:54 +0000 2013,2.96E+17,27,23,Outgoing Secretary of State Hillary Clinton has truly honored all Americans with her indispensable leadership.,SenBillNelson,Bill Nelson,Florida,Democratic
185,Mon Jan 28 17:05:00 +0000 2013,2.96E+17,22,28,"I support immigration reform with tough border security. We simply can’t deport 11 million people. For one thing, it would ruin our economy.",SenBillNelson,Bill Nelson,Florida,Democratic
186,Mon Jan 28 16:05:41 +0000 2013,2.96E+17,5,31,"When Challenger exploded 10 miles up I lost friends, colleagues. Our nation lost heroes. In their spirit we keep exploring.",SenBillNelson,Bill Nelson,Florida,Democratic
187,Thu Jan 17 20:24:35 +0000 2013,2.92E+17,10,17,Pythons proved to be elusive in the warm weather. None caught today. http://t.co/05cMfygF,SenBillNelson,Bill Nelson,Florida,Democratic
188,Tue Jan 15 21:19:00 +0000 2013,2.91E+17,1,5,I wish Jon Hammar the best. http://t.co/azhzbBgI,SenBillNelson,Bill Nelson,Florida,Democratic
189,Fri Jan 11 22:50:25 +0000 2013,2.90E+17,2,35,Let’s pause a moment tomorrow to honor the quarter of a million people who died in the Haiti earthquake three years ago.,SenBillNelson,Bill Nelson,Florida,Democratic
190,Thu Jan 03 22:05:25 +0000 2013,2.87E+17,9,14,"Glad to hear Justice Dept is holding all parties accountable, not just BP. Folks on Gulf Coast deserve nothing less. http://t.co/8STWVOVG",SenBillNelson,Bill Nelson,Florida,Democratic
191,Fri Dec 21 16:15:52 +0000 2012,2.82E+17,6,9,Former Marine held in Mexico to be released ...  http://t.co/W7JwgBbR,SenBillNelson,Bill Nelson,Florida,Democratic
192,Wed Dec 19 23:06:10 +0000 2012,2.82E+17,2,12,Testified today in front of Senate Judiciary Committee about who’s behind voting law changes in Florida. Watch here: http://t.co/L0GBpPCz,SenBillNelson,Bill Nelson,Florida,Democratic
193,Tue Dec 11 23:17:38 +0000 2012,2.79E+17,7,3,Here are two steps to avoid going over the fiscal cliff: http://t.co/Yw7plXbg,SenBillNelson,Bill Nelson,Florida,Democratic
194,Wed Dec 05 19:24:33 +0000 2012,2.76E+17,3,15,"Former NBA star Alonzo Mourning, a transplant recipient, here today to talk about helping those with kidney disease. http://t.co/3fnu5ZGw",SenBillNelson,Bill Nelson,Florida,Democratic
195,Tue Dec 04 16:52:13 +0000 2012,2.76E+17,2,2,Went with my wife Grace to a Flight 93 remembrance this morning.  Read more about it here: http://t.co/KLHNdC0P,SenBillNelson,Bill Nelson,Florida,Democratic
196,Mon Dec 03 19:42:49 +0000 2012,2.76E+17,4,19,"Today, as Alan Gross begins his 4th year in a Cuba prison, we renew demands that Castro regime release him immediately and unconditionally.",SenBillNelson,Bill Nelson,Florida,Democratic
197,Thu Nov 15 20:52:35 +0000 2012,2.69E+17,4,15,Justice Dept brought hammer down on BP today. Efforts to hold company responsible continue. http://t.co/WuCfE9vE,SenBillNelson,Bill Nelson,Florida,Democratic
198,Fri Oct 05 20:15:28 +0000 2012,2.54E+17,16,6,... outraged by reports of the Castro regime’s arrests of Cuban blogger Yoani Sanchez and other dissidents.,SenBillNelson,Bill Nelson,Florida,Democratic
199,Wed Sep 12 16:50:03 +0000 2012,2.46E+17,20,25,"The murders in Libya have the markings of revenge by al Qaeda for the death of Abu Yahya al-Libi, the terrorists group’s number two leader.",SenBillNelson,Bill Nelson,Florida,Democratic
200,Wed Sep 12 16:41:53 +0000 2012,2.46E+17,6,8,"Shocked, saddened by deaths of ambassador, staffers. Praying for families of fallen and those still on front lines. http://t.co/rVYFEZvJ",SenBillNelson,Bill Nelson,Florida,Democratic
201,Tue Aug 14 18:26:07 +0000 2012,2.35E+17,18,22,"Today is the 77th birthday of Social Security.  Happy Birthday – and, many more!",SenBillNelson,Bill Nelson,Florida,Democratic
202,Mon Aug 06 15:11:04 +0000 2012,2.32E+17,9,28,I’m confident it won’t be long now before human footprints follow in the path of the Mars rover #Curiosity.,SenBillNelson,Bill Nelson,Florida,Democratic
203,Fri Aug 03 16:32:30 +0000 2012,2.31E+17,4,18,We’re now ready to have U.S. companies develop the vehicles that will take astronauts to the space station. http://t.co/C0iOqKFQ,SenBillNelson,Bill Nelson,Florida,Democratic
204,Mon Jul 23 22:12:48 +0000 2012,2.28E+17,4,41,"When Sally Ride launched, the whole nation lifted her up on a chorus of “Ride, Sally, Ride.”  She will be missed.",SenBillNelson,Bill Nelson,Florida,Democratic
205,Mon Jul 23 15:30:23 +0000 2012,2.27E+17,2,2,I’m shocked and saddened by the death of Oswaldo Payá. We’ll never forget his push for freedom and democracy in Cuba. http://t.co/HI5VHFJt,SenBillNelson,Bill Nelson,Florida,Democratic
206,Thu Jul 19 13:54:02 +0000 2012,2.26E+17,9,23,"Good news for FL’s economy - executive order from White House accelerates expansion of ports in Jacksonville, Miami. http://t.co/ccDo6Jhj",SenBillNelson,Bill Nelson,Florida,Democratic
207,Tue Jul 17 20:24:40 +0000 2012,2.25E+17,2,10,Playing @hardball tonight with @hardball_chris on #DISCLOSE Act. Will be live circa 5:30 p.m.  #sayfie,SenBillNelson,Bill Nelson,Florida,Democratic
208,Wed Jun 27 17:58:40 +0000 2012,2.18E+17,9,16,Looks like RESTORE Act will be in broader transportation bill.  Great news for Gulf Coast!,SenBillNelson,Bill Nelson,Florida,Democratic
209,Tue Jun 12 21:25:59 +0000 2012,2.13E+17,9,25,The governor’s methods should side with all lawful citizens and their absolute right to vote. http://t.co/6UKH6nwq,SenBillNelson,Bill Nelson,Florida,Democratic
210,Thu Jun 07 17:32:50 +0000 2012,2.11E+17,3,8,Just got word from the Pentagon: they’ve agreed to my request to keep a two-star General in charge of weapons testing at Eglin AFB.,SenBillNelson,Bill Nelson,Florida,Democratic
211,Wed Jun 06 20:11:10 +0000 2012,2.10E+17,2,18,"Florida man offers free casket for WWII vet buried in cardboard box.  Cemetery accepts, promises proper burial.  http://t.co/mFEZsOzY",SenBillNelson,Bill Nelson,Florida,Democratic
212,Thu May 31 21:29:58 +0000 2012,2.08E+17,1,17,"An 8th grade student from Melbourne, where I grew up, is among the nine finalists in #spellingbee tonight at 8 p.m. Good luck Stuti Mishra.",SenBillNelson,Bill Nelson,Florida,Democratic
213,Thu May 31 19:22:52 +0000 2012,2.08E+17,5,22,Judge strikes part of FL election law because it imposes “harsh” restrictions on groups that register voters.  http://t.co/sH3BZ15A #sayfie,SenBillNelson,Bill Nelson,Florida,Democratic
214,Wed May 30 21:10:48 +0000 2012,2.08E+17,2,6,Florida students awesome today in #spellingbee. Results updated here:  http://t.co/TbXcus8P,SenBillNelson,Bill Nelson,Florida,Democratic
215,Thu May 17 18:31:32 +0000 2012,2.03E+17,4,14,“…the Chamber is simply dreaming if it expects to get away with these distortions.” – WESH TV http://t.co/Ia65fMqg,SenBillNelson,Bill Nelson,Florida,Democratic
216,Tue May 15 17:46:49 +0000 2012,2.02E+17,1,42,.@TB_Times just posted: @PolitiFactFL finds Chamber of Commerce ad on my record is untrue. RT to spread facts http://t.co/ozvvA0HJ #sayfie,SenBillNelson,Bill Nelson,Florida,Democratic
217,Mon May 14 20:27:41 +0000 2012,2.02E+17,5,21,Issue ads don’t give undisclosed corporate interests the right to spread false information. http://t.co/JDdD5qrY,SenBillNelson,Bill Nelson,Florida,Democratic
218,Tue May 08 20:43:55 +0000 2012,2.00E+17,13,68,Students can’t afford the kind of partisanship that blocked a move today in the Senate to keep college loan rates down.,SenBillNelson,Bill Nelson,Florida,Democratic
219,Wed May 02 20:34:25 +0000 2012,1.98E+17,4,5,New Tampa Bay Buc Eric LeGrand is an example of perseverance and determination in the face of serious adversity. http://t.co/No1dTiHQ,SenBillNelson,Bill Nelson,Florida,Democratic
220,Thu Apr 26 22:34:16 +0000 2012,1.96E+17,6,39,Senate reauthorized bill today helping domestic violence victims. Hope partisan bickering doesn’t hold it up in the House. #StandUp4Women,SenBillNelson,Bill Nelson,Florida,Democratic
221,Thu Apr 26 15:57:16 +0000 2012,1.96E+17,4,9,"Mazel tov to one of America’s greatest allies, Israel, on the democratic nation’s 64th birthday today.",SenBillNelson,Bill Nelson,Florida,Democratic
222,Tue Apr 17 16:06:00 +0000 2012,1.92E+17,12,9,Need to keep up pressure on financial traders in oil market who are driving up gas prices:  http://t.co/XAbLO9sL,SenBillNelson,Bill Nelson,Florida,Democratic
223,Mon Apr 16 14:05:09 +0000 2012,1.92E+17,8,11,How do we break our foreign oil habit? Here’s a recent piece I wrote on the issue.  http://t.co/qJSMK9zr,SenBillNelson,Bill Nelson,Florida,Democratic
224,Tue Mar 20 22:06:30 +0000 2012,1.82E+17,9,13,These crooks aren’t using a crowbar. They’re hiding behind a computer to steal from U.S. taxpayers. http://t.co/bIvnFXUV,SenBillNelson,Bill Nelson,Florida,Democratic
225,Thu Mar 08 20:59:21 +0000 2012,1.78E+17,15,20,Senate by 76-22 just passed my legislation aimed at making sure no one can take away money intended for victims of BP's oil spill.,SenBillNelson,Bill Nelson,Florida,Democratic
226,Tue Mar 06 21:40:24 +0000 2012,1.77E+17,2,21,With @neiltyson testifying it should be an interesting Commerce hearing tomorrow on the future of space exploration. http://t.co/X9OLTPwW,SenBillNelson,Bill Nelson,Florida,Democratic
227,Fri Mar 02 22:54:11 +0000 2012,1.76E+17,14,23,"Immigration enforcement ought to be about securing our borders, not sending home outstanding and promising students. http://t.co/cYEU5Srs",SenBillNelson,Bill Nelson,Florida,Democratic
228,Tue Feb 07 23:16:11 +0000 2012,1.67E+17,3,6,Seems a few air marshals weren’t just worried about protecting the skies. See an investigation on @ABCWorldNews and @Nightline tonight.,SenBillNelson,Bill Nelson,Florida,Democratic
229,Sat Jan 14 17:31:08 +0000 2012,1.58E+17,33,11,"I'm pretty-much caught up in Tebowmania, so I'll likely be watching the Broncos v. Patriots tonight.",SenBillNelson,Bill Nelson,Florida,Democratic
230,Thu Dec 22 23:17:28 +0000 2011,1.50E+17,12,12,The House has done the right thing re Americans’ #payrolltax relief. http://t.co/jMV0SpzY,SenBillNelson,Bill Nelson,Florida,Democratic
231,Mon Dec 12 23:35:06 +0000 2011,1.46E+17,11,24,First congressional investigation into new voting laws will be held in Tampa next month. http://t.co/lyRHfHY3,SenBillNelson,Bill Nelson,Florida,Democratic
232,Sat Dec 10 01:44:23 +0000 2011,1.45E+17,19,4,"Just saw that we went over 20,000 followers.  Wow.",SenBillNelson,Bill Nelson,Florida,Democratic
233,Mon Nov 28 18:40:45 +0000 2011,1.41E+17,5,12,Met @iamwill at Saturday’s Mars rover launch. Was neat to find out the pop star’s a space enthusiast too. http://t.co/xG8ERnRm,SenBillNelson,Bill Nelson,Florida,Democratic
234,Wed Nov 23 19:10:46 +0000 2011,1.39E+17,7,5,Thanksgiving morning I’ll be serving food at the Clara White Mission in Jacksonville. Check out some of the go… (cont) http://t.co/C79aFIuC,SenBillNelson,Bill Nelson,Florida,Democratic
235,Thu Nov 17 22:13:59 +0000 2011,1.37E+17,5,11,NASA’s now hiring the next generation of astronauts. One might be the first to set foot on Mars. Watch the CBS report. http://t.co/ckMTpohI,SenBillNelson,Bill Nelson,Florida,Democratic
236,Wed Nov 16 15:52:05 +0000 2011,1.37E+17,2,4,Watch live at 11 a.m. as we give the first lunar landing crew and John Glenn the Congressional Gold Medal.    http://t.co/uP9CM5ce,SenBillNelson,Bill Nelson,Florida,Democratic
237,Thu Nov 03 20:06:36 +0000 2011,1.32E+17,18,15,I’ve just asked the Justice Department to probe new voting laws. http://t.co/7rzsLZZC,SenBillNelson,Bill Nelson,Florida,Democratic
238,Mon Oct 31 19:36:06 +0000 2011,1.31E+17,3,23,Great news today for Florida’s Space Coast.  The space program is getting cranked up again! http://t.co/PMgXVB8N,SenBillNelson,Bill Nelson,Florida,Democratic
239,Wed Oct 26 16:03:27 +0000 2011,1.29E+17,10,28,FL teacher could be punished for helping students with voter registration. This new voting law’s not good for Florida.  http://t.co/uXToDWBl,SenBillNelson,Bill Nelson,Florida,Democratic
240,Thu Oct 20 17:21:58 +0000 2011,1.27E+17,6,11,"With Libya’s dictator reported dead, it’s very important that we help the transitional government secure and destroy weapons stockpiles.",SenBillNelson,Bill Nelson,Florida,Democratic
241,Mon Oct 17 18:13:36 +0000 2011,1.26E+17,1,10,"Let’s also remember St. Pete IndyCar driver Dan Wheldon for his work with at-risk youth, the elderly and our soldiers. http://t.co/lq1DgwOL",SenBillNelson,Bill Nelson,Florida,Democratic
242,Fri Oct 14 17:31:37 +0000 2011,1.25E+17,3,4,I hope you’ll read an op-ed column I co-authored with @eltonjohndotcom.  http://t.co/ABx6JEwl,SenBillNelson,Bill Nelson,Florida,Democratic
243,Mon Sep 26 15:00:47 +0000 2011,1.18E+17,17,16,Want to know why the price of basic items like gasoline and bread keeps going up?  Read this: http://t.co/b6V4YfA0,SenBillNelson,Bill Nelson,Florida,Democratic
244,Tue Sep 13 17:59:18 +0000 2011,1.14E+17,14,3,Closing tax loopholes will help U.S. get finances in order. See former Fed chief Greenspan & others testify live. http://t.co/b1sd2HG,SenBillNelson,Bill Nelson,Florida,Democratic
245,Mon Sep 12 15:52:10 +0000 2011,1.13E+17,11,10,Chairing hearing tomorrow on how to pull U.S. out of financial doldrums. Look for ex-Fed chief Greenspan to paint dismal picture of economy.,SenBillNelson,Bill Nelson,Florida,Democratic
246,Fri Sep 09 21:24:40 +0000 2011,1.12E+17,3,5,Here is a list of some of the events going on in Florida this weekend as we remember the victims of 9-11: http://t.co/pUW0fqK,SenBillNelson,Bill Nelson,Florida,Democratic
247,Wed Aug 10 14:26:42 +0000 2011,1.01E+17,37,15,There’s no mystery about what we have to do to get out of this financial fix.  http://politi.co/qQ5EvQ,SenBillNelson,Bill Nelson,Florida,Democratic
248,Fri Aug 05 13:45:05 +0000 2011,9.95E+16,5,13,"T-minus 1 hour and 49 minutes – and, we’re going to Jupiter.  http://bit.ly/priZr6",SenBillNelson,Bill Nelson,Florida,Democratic
249,Thu Aug 04 19:45:11 +0000 2011,9.92E+16,3,15,Breaking news: Deal reached to fix #FAA. http://n.pr/pV972x,SenBillNelson,Bill Nelson,Florida,Democratic
250,Thu Aug 04 16:02:01 +0000 2011,9.91E+16,4,4,The winner of this competition will be America: http://bit.ly/oh3BI4,SenBillNelson,Bill Nelson,Florida,Democratic
251,Wed Aug 03 21:19:45 +0000 2011,9.89E+16,6,3,You ought to read this story if you have a minute … http://bit.ly/oHqlcF,SenBillNelson,Bill Nelson,Florida,Democratic
252,Tue Aug 02 18:32:03 +0000 2011,9.85E+16,12,5,"Holy Toledo!  We just went over 18,000 followers.",SenBillNelson,Bill Nelson,Florida,Democratic
253,Tue Aug 02 18:04:15 +0000 2011,9.85E+16,35,12,"We got a debt deal done. Next up: jobs. Then, we’ve got to get rid of some of the unfair corporate tax loopholes.",SenBillNelson,Bill Nelson,Florida,Democratic
254,Mon Aug 01 17:59:00 +0000 2011,9.81E+16,38,14,You will see this new debt plan pass with an overwhelming bipartisan majority in the Senate.,SenBillNelson,Bill Nelson,Florida,Democratic
255,Mon Aug 01 15:30:39 +0000 2011,9.81E+16,42,15,"This is going to cut almost $3 trillion from the deficit.  It’s not a perfect plan, but it’s something we need to have right now.",SenBillNelson,Bill Nelson,Florida,Democratic
256,Fri Jul 29 17:02:00 +0000 2011,9.70E+16,41,16,"I’m just a little country boy, but seems to me a solution to the #debt is right under our nose: http://politi.co/qIGu1V",SenBillNelson,Bill Nelson,Florida,Democratic
257,Wed Jul 27 16:11:57 +0000 2011,9.63E+16,35,10,"I favor a #debt plan that includes $2.7 trillion in savings and cuts, while protecting #SocialSecurity and #Medicare. http://usat.ly/pDmAAz",SenBillNelson,Bill Nelson,Florida,Democratic
258,Fri Jul 22 21:35:46 +0000 2011,9.45E+16,24,35,Was 105 in D.C. today. Only 83 right now in Tampa. Never thought you’d have to go to FL to cool off during the summer.,SenBillNelson,Bill Nelson,Florida,Democratic
259,Thu Jul 21 12:41:09 +0000 2011,9.40E+16,4,25,"Welcome home #Atlantis.  Though we’ll not again explore on a shuttle’s wings, we won’t stop reaching as long as there are stars.",SenBillNelson,Bill Nelson,Florida,Democratic
260,Wed Jul 13 18:44:53 +0000 2011,9.12E+16,21,6,"This might be a way to protect vital payments, like Social Security, if partisanship leads country to default: http://1.usa.gov/qsZz7y",SenBillNelson,Bill Nelson,Florida,Democratic
261,Mon Jul 11 19:16:29 +0000 2011,9.05E+16,11,49,BP now wants to limit spill claims? It’s the citizenry that needs to be protected from BP. Not the other way around.  http://wapo.st/qFNfC8,SenBillNelson,Bill Nelson,Florida,Democratic
262,Fri Jul 08 16:39:31 +0000 2011,8.94E+16,12,24,"Today marks the end of one era, the beginning of the next. Soon #NASA will build a new monster rocket that will help get us to Mars.",SenBillNelson,Bill Nelson,Florida,Democratic
263,Fri Jul 08 15:39:29 +0000 2011,8.94E+16,1,15,Main engine cutoff. #STS135 performing perfectly. #Atlantis crew taking one more step toward our understanding of the universe.,SenBillNelson,Bill Nelson,Florida,Democratic
264,Fri Jul 08 15:29:24 +0000 2011,8.94E+16,3,19,"Go, #Atlantis.  Go.  Go ...",SenBillNelson,Bill Nelson,Florida,Democratic
265,Fri Jul 08 15:23:46 +0000 2011,8.94E+16,1,44,"I remember my launch. Strapped in, hanging on. When those solid rocket engines light off – right then you know you’re going somewhere. #NASA",SenBillNelson,Bill Nelson,Florida,Democratic
266,Fri Jul 08 14:18:32 +0000 2011,8.93E+16,5,7,At KSC for #Atlantis.  All eyes turned skyward as our astronauts get ready for #STS135 launch.,SenBillNelson,Bill Nelson,Florida,Democratic
267,Tue Jul 05 19:10:42 +0000 2011,8.83E+16,50,11,Do you support closing tax breaks for big business if it helps avoid cuts in #SocialSecurity and #Medicare?  http://billnelson.senate.gov/,SenBillNelson,Bill Nelson,Florida,Democratic
268,Wed Jun 22 16:18:51 +0000 2011,8.36E+16,21,20,"Census shows FL at 18.8 M poised to top 3rd biggest state NY at 19.4. RT to help us catch Sen. Gillibrand, who’s up by only 1,973 followers.",SenBillNelson,Bill Nelson,Florida,Democratic
269,Mon Jun 20 20:11:52 +0000 2011,8.29E+16,15,6,"Obama, Oprah among most civil in uncivil America, says a new survey that names the most rude.  http://politi.co/lzv8vy",SenBillNelson,Bill Nelson,Florida,Democratic
270,Wed Jun 15 20:04:58 +0000 2011,8.11E+16,9,4,Smoke on the water. http://1.usa.gov/6lTdUW,SenBillNelson,Bill Nelson,Florida,Democratic
271,Tue Jun 07 22:30:32 +0000 2011,7.82E+16,11,4,What do you think most folks say is the biggest threat to America right now? http://1.usa.gov/6lTdUW,SenBillNelson,Bill Nelson,Florida,Democratic
272,Wed May 18 22:45:42 +0000 2011,7.10E+16,1,19,"Looks like Jacksonville is getting a bold new leader in my good friend, Alvin Brown.  http://bit.ly/jDTjjH",SenBillNelson,Bill Nelson,Florida,Democratic
273,Mon May 16 13:46:26 +0000 2011,7.01E+16,0,4,Endeavour is on its way.  One more step in our long journey.,SenBillNelson,Bill Nelson,Florida,Democratic
274,Thu May 12 22:22:21 +0000 2011,6.88E+16,1,18,Taxpayers facing maybe 29 percent of tab for Gulf oil-spill cleanup: http://bit.ly/m8UceG,SenBillNelson,Bill Nelson,Florida,Democratic
275,Thu May 12 19:17:11 +0000 2011,6.88E+16,1,50,"Just saw Usama death photos at CIA.  While the job of fighting terrorists isn’t finished, bin Laden is.",SenBillNelson,Bill Nelson,Florida,Democratic
276,Thu May 12 13:45:49 +0000 2011,6.87E+16,0,14,‘am about to question oil co. execs about the price of gasoline,SenBillNelson,Bill Nelson,Florida,Democratic
277,Wed May 04 17:51:37 +0000 2011,6.58E+16,0,8,"So, Pakistan really didn’t know bin Laden was hiding in plain sight?  My response to reporters on what all this means: http://bit.ly/khsZaV",SenBillNelson,Bill Nelson,Florida,Democratic
278,Mon May 02 15:01:50 +0000 2011,6.51E+16,2,10,Finally. We cut off the head of the snake. http://www.cnn.com/2011/WORLD/asiapcf/05/01/bin.laden.us.reacts/index.html,SenBillNelson,Bill Nelson,Florida,Democratic
279,Wed Apr 27 20:05:04 +0000 2011,6.33E+16,0,5,Today we lost one of the best public servants I’ve known.  Patsy Kurth also was a wonderful mother to four daughters. http://bit.ly/jMcUFi,SenBillNelson,Bill Nelson,Florida,Democratic
280,Tue Apr 12 17:56:47 +0000 2011,5.79E+16,0,7,Atlantis is coming home to Kennedy after traveling roughly 120 million miles. http://bit.ly/gpvBJ4,SenBillNelson,Bill Nelson,Florida,Democratic
281,Wed Apr 06 17:09:21 +0000 2011,5.57E+16,0,10,Let us know whether you think the threat of a government shut-down is a partisan political ploy: http://1.usa.gov/6lTdUW,SenBillNelson,Bill Nelson,Florida,Democratic
282,Thu Mar 31 16:25:36 +0000 2011,5.35E+16,0,1,Friday forecast for Orlando: Mostly sunny skies with a good chance of parachutes? http://bit.ly/gzxkXY,SenBillNelson,Bill Nelson,Florida,Democratic
283,Wed Mar 30 19:54:19 +0000 2011,5.32E+16,0,9,Maybe our plan for reducing dependence on foreign oil will finally go somewhere now.      http://1.usa.gov/hVcY38,SenBillNelson,Bill Nelson,Florida,Democratic
284,Fri Mar 18 21:48:37 +0000 2011,4.89E+16,0,7,I guess these tax cheats figure they have nothing to lose: http://bit.ly/9JWrMV,SenBillNelson,Bill Nelson,Florida,Democratic
285,Tue Mar 15 15:21:46 +0000 2011,4.77E+16,0,31,Oil prices should not be dictated by speculators http://1.usa.gov/g8jsxR,SenBillNelson,Bill Nelson,Florida,Democratic
286,Fri Mar 11 23:05:55 +0000 2011,4.63E+16,0,44,Florida’s chances of getting high-speed rail are still alive  http://bit.ly/gPMdqx,SenBillNelson,Bill Nelson,Florida,Democratic
287,Wed Mar 09 22:40:22 +0000 2011,4.56E+16,0,3,I'm very proud of my former legislative director  http://1.usa.gov/eJcpF5,SenBillNelson,Bill Nelson,Florida,Democratic
288,Thu Mar 03 20:00:24 +0000 2011,4.34E+16,0,21,Watch live as the future of Florida’s high-speed rail is argued before the state Supreme Court starting at 3 p.m. http://bit.ly/fDhhVt,SenBillNelson,Bill Nelson,Florida,Democratic
289,Thu Mar 03 18:57:11 +0000 2011,4.34E+16,0,4,Should the U.S. and its allies intervene in Libya?  http://bit.ly/6lTdUW,SenBillNelson,Bill Nelson,Florida,Democratic
290,Wed Mar 02 17:47:48 +0000 2011,4.30E+16,0,6,This legislation would show you the money - http://bit.ly/9JWrMV,SenBillNelson,Bill Nelson,Florida,Democratic
291,Tue Mar 01 22:54:27 +0000 2011,4.27E+16,0,30,All aboard - next stop for the bullet train: Florida Supreme Court http://bit.ly/fO7CMY,SenBillNelson,Bill Nelson,Florida,Democratic
292,Thu Feb 24 20:34:44 +0000 2011,4.09E+16,0,18,"You can offer someone an opportunity, but you cannot make them take it.  http://bit.ly/eVfD66",SenBillNelson,Bill Nelson,Florida,Democratic
293,Wed Feb 16 21:08:05 +0000 2011,3.80E+16,0,64,Someone just asked: you looking for a way to sidestep Gov. Scott on his decision to kill high-speed rail? Yep. http://youtu.be/WcqIK0VziDI,SenBillNelson,Bill Nelson,Florida,Democratic
294,Wed Feb 16 16:31:10 +0000 2011,3.79E+16,0,128,"If Florida would’ve had a governor who rejected President Eisenhower’s idea, we wouldn’t have an interstate system. http://bit.ly/g0gXyT",SenBillNelson,Bill Nelson,Florida,Democratic
295,Tue Feb 15 21:07:40 +0000 2011,3.76E+16,0,6,"Remembering the lady who reached for the sun, and the contributions of many others http://bit.ly/fHNt5M",SenBillNelson,Bill Nelson,Florida,Democratic
296,Tue Feb 15 15:31:46 +0000 2011,3.75E+16,0,3,Sad news out of Palm Coast about Dalai Lama's nephew http://bit.ly/hkm92V,SenBillNelson,Bill Nelson,Florida,Democratic
297,Wed Feb 09 22:17:48 +0000 2011,3.55E+16,0,4,Agreed! RT@chuckgrassley: Talked algae/corn ethanol during Finance Comm. Need 2 support 1st & 2nd gen of ethanol http://tinyurl.com/6x3su5x,SenBillNelson,Bill Nelson,Florida,Democratic
298,Mon Jan 31 22:37:00 +0000 2011,3.22E+16,0,24,Mubarak will have to go… http://bit.ly/dYFauU,SenBillNelson,Bill Nelson,Florida,Democratic
299,Mon Jan 31 18:19:09 +0000 2011,3.21E+16,0,3,Situation in Egypt is right on the edge – and things could go either way. http://youtu.be/Db2fsgX-od8,SenBillNelson,Bill Nelson,Florida,Democratic
300,Fri Jan 28 16:27:17 +0000 2011,3.10E+16,0,6,Sacrificed lives remind us that we must press on http://bit.ly/eEz97W,SenBillNelson,Bill Nelson,Florida,Democratic
301,Thu Jan 27 23:25:27 +0000 2011,3.08E+16,0,7,Given the recent rash of police shootings it’s clear law enforcement could use some more tools when they go on manhunts http://bit.ly/fjRRsH,SenBillNelson,Bill Nelson,Florida,Democratic
302,Tue Jan 25 19:22:55 +0000 2011,3.00E+16,1,3,In what ways has the “Great Recession” most directly affected you? Let me know http://billnelson.senate.gov/,SenBillNelson,Bill Nelson,Florida,Democratic
303,Thu Jan 20 23:26:09 +0000 2011,2.82E+16,0,6,I think US-China deal is kinda fuzzy http://wapo.st/ijSQwE,SenBillNelson,Bill Nelson,Florida,Democratic
304,Thu Jan 13 20:11:50 +0000 2011,2.56E+16,0,1,A new poll’s been posted on my website where you can share your view of the president's speech last night.  http://billnelson.senate.gov/,SenBillNelson,Bill Nelson,Florida,Democratic
305,Wed Jan 12 19:38:50 +0000 2011,2.53E+16,0,6,I think we have to end excessive speculation because it runs up the cost of oil and food. Regulators to discuss in a.m. http://bit.ly/fNFcBf,SenBillNelson,Bill Nelson,Florida,Democratic
306,Wed Jan 12 15:25:17 +0000 2011,2.52E+16,0,8,Today we pray for Haiti and renew our commitment to helping our neighbor in need http://bit.ly/hPTKBw,SenBillNelson,Bill Nelson,Florida,Democratic
307,Tue Jan 04 21:11:22 +0000 2011,2.24E+16,0,15,I think total repeal of the health-care law will hurt seniors and others http://bit.ly/ecJjMD,SenBillNelson,Bill Nelson,Florida,Democratic
308,Mon Jan 03 18:48:19 +0000 2011,2.20E+16,0,3,Just posted a new poll on my website about the cause of rising gas prices. Weigh in - http://billnelson.senate.gov/,SenBillNelson,Bill Nelson,Florida,Democratic
309,Thu Dec 23 14:30:19 +0000 2010,1.80E+16,0,4,Started a poll on my website. First one shows folks by 55-45 don’t yet trust the stock market. Weigh in - http://billnelson.senate.gov/,SenBillNelson,Bill Nelson,Florida,Democratic
310,Wed Dec 15 18:07:54 +0000 2010,1.51E+16,0,4,check this out: http://www.fpl.com/environment/plant/riviera_cam.shtml,SenBillNelson,Bill Nelson,Florida,Democratic
311,Thu Dec 09 18:48:05 +0000 2010,1.29E+16,0,15,Looks like Santa's trading in his sleigh for a bullet train http://bit.ly/hJCXlF,SenBillNelson,Bill Nelson,Florida,Democratic
312,Wed Dec 08 20:13:52 +0000 2010,1.26E+16,0,10,"While we’re sad to see him go, the glory Urban brought to the Gator nation won’t soon be forgotten http://bit.ly/fhzrIw",SenBillNelson,Bill Nelson,Florida,Democratic
313,Wed Dec 08 18:01:43 +0000 2010,1.26E+16,0,6,"Remembering John Lennon on the 30th anniversary of his death, my favorite Fab Four song is “I want to hold your hand.”  What’s yours?",SenBillNelson,Bill Nelson,Florida,Democratic
314,Tue Nov 30 22:15:02 +0000 2010,9.73E+15,0,2,Some folks tell me Miss Florida looks a lot like… who? http://bit.ly/epsBzs,SenBillNelson,Bill Nelson,Florida,Democratic
315,Thu Nov 18 23:31:15 +0000 2010,5.40E+15,0,3,Who knew? LSU’s football team and I have something in common - we’re both #5 in the polls! http://bit.ly/b4VQU8,SenBillNelson,Bill Nelson,Florida,Democratic
316,Mon Oct 25 17:26:17 +0000 2010,28710710290,0,16,Fantastic news for Florida - http://bit.ly/cdSLX3. Now we are full speed ahead with high-speed rail construction.,SenBillNelson,Bill Nelson,Florida,Democratic
317,Thu Sep 30 21:23:17 +0000 2010,26015942954,0,7,Some good news from the IRS today for homeowners who have defective drywall - http://bit.ly/9saqXW,SenBillNelson,Bill Nelson,Florida,Democratic
318,Mon Sep 13 19:18:48 +0000 2010,24408429174,0,4,I happen to love launch photos and Matt Walsh sent me this one. Check it out - http://on.natgeo.com/aLxOBC,SenBillNelson,Bill Nelson,Florida,Democratic
319,Tue Aug 24 15:27:52 +0000 2010,22009176156,0,9,Phenomenal  – AP’s reporting Florida’s a big winner for school reform money http://bit.ly/arSQ2m,SenBillNelson,Bill Nelson,Florida,Democratic
320,Tue Aug 10 16:39:34 +0000 2010,20808371366,0,8,Brought federal pay czar Feinberg to the Panhandle today to meet with folks about their oil spill claims http://TwitPWR.com/Ntv/,SenBillNelson,Bill Nelson,Florida,Democratic
321,Mon Aug 02 17:43:28 +0000 2010,20156014321,0,9,The ‘Glades remains at risk and should’ve never been removed in the first place – http://bit.ly/9euEil,SenBillNelson,Bill Nelson,Florida,Democratic
322,Wed Jul 28 19:56:21 +0000 2010,19766200175,0,10,Got two thumbs up today from a key Senate panel on my plan for giving Gulf residents oversight of oil drilling http://bit.ly/dftX8a,SenBillNelson,Bill Nelson,Florida,Democratic
323,Wed Jul 21 21:28:26 +0000 2010,19106651119,0,3,Met w pay czar Feinberg – pushed for oil-spill claims center to be in NW FL Sallie Mae bldg & hiring their workers http://bit.ly/cXcUP0,SenBillNelson,Bill Nelson,Florida,Democratic
324,Tue Jul 20 17:58:40 +0000 2010,19011946448,0,2,Hearing starts in an hour on Gen. Clapper for intelligence chief - expect a few questions about Washington Post series http://bit.ly/bci63J,SenBillNelson,Bill Nelson,Florida,Democratic
325,Thu Jul 15 16:55:47 +0000 2010,18616459547,0,34,We have liftoff: Senate committee passes plan to keep U.S. global leader in space http://bit.ly/acnmyd,SenBillNelson,Bill Nelson,Florida,Democratic
326,Wed Jul 14 16:08:04 +0000 2010,18530323284,0,5,I would’ve gotten at least one question right - if I’d’ve been on Jeopardy Monday night. http://bit.ly/d50DKW (See: Just a Bill for $800),SenBillNelson,Bill Nelson,Florida,Democratic
327,Thu Jul 01 17:53:32 +0000 2010,17509920414,0,6,Some counties wondering why they didn’t get more out of the $50 million BP gave Florida http://billnelson.senate.gov/news/CristLetter.pdf,SenBillNelson,Bill Nelson,Florida,Democratic
328,Tue Jun 29 23:30:12 +0000 2010,17370596318,0,2,Robert Byrd always put public service ahead of personal fortune.  http://www.youtube.com/watch?v=PMs93QzG2AM,SenBillNelson,Bill Nelson,Florida,Democratic
329,Tue Jun 29 22:47:24 +0000 2010,17368183556,0,27,Just handed BP a past-due notice on some $7 million it owes FL for oil spill cleanup costs  http://bit.ly/bVhGRl,SenBillNelson,Bill Nelson,Florida,Democratic
330,Tue Jun 29 20:29:34 +0000 2010,17360931418,0,34,"“No drilling off Florida, period,” is what I told the White House today. http://bit.ly/aUCee3",SenBillNelson,Bill Nelson,Florida,Democratic
331,Mon Jun 28 14:55:35 +0000 2010,17256800406,0,9,"Sen. Byrd gave his all - to his wife Erma, to the people of West Virginia and America, and to the U.S. Senate.",SenBillNelson,Bill Nelson,Florida,Democratic
332,Fri Jun 25 20:31:11 +0000 2010,17041859629,0,9,Brewing Gulf gale could leave twice as much oil to clean up.  http://bit.ly/c7Hxpj,SenBillNelson,Bill Nelson,Florida,Democratic
333,Wed Jun 23 21:22:32 +0000 2010,16878097389,0,8,"I’m sure there will be criticism, but Obama had no choice but to accept McChrystal’s resignation. And picking Petraeus was a great move.",SenBillNelson,Bill Nelson,Florida,Democratic
334,Mon Jun 14 21:38:06 +0000 2010,16177805126,0,40,Surveyed waters off Pensacola today. Orange gunk all over. This is not only a disaster – it’s a crime. http://bit.ly/aT6Gcs,SenBillNelson,Bill Nelson,Florida,Democratic
335,Thu Jun 10 16:00:16 +0000 2010,15859980329,0,16,Feds didn’t alert FL yesterday when they boomed state waters due to oil contamination. Hear what I think about that http://bit.ly/dAFDQ7,SenBillNelson,Bill Nelson,Florida,Democratic
336,Thu May 27 23:00:43 +0000 2010,14865027919,0,13,Fed transportation czar today gave Florida the first multi-million dollar installment for high speed rail. http://bit.ly/9zH53D,SenBillNelson,Bill Nelson,Florida,Democratic
337,Thu May 27 17:38:57 +0000 2010,14849175541,0,7,Latest News: Experts now say Gulf leak is nation's worst spill - far bigger than Exxon Valdez http://bit.ly/d6Jhgx,SenBillNelson,Bill Nelson,Florida,Democratic
338,Wed May 26 23:01:44 +0000 2010,14794071909,0,8,Next hours are critical as BP aims to plug gushing oil well.  Come with me once more – live from one-mile down http://billnelson.senate.gov/,SenBillNelson,Bill Nelson,Florida,Democratic
339,Wed May 26 21:30:12 +0000 2010,14789436931,0,13,I wrote Obama today to say I’m sure Congress will fund an extra space shuttle flight http://bit.ly/9nmNzF,SenBillNelson,Bill Nelson,Florida,Democratic
340,Wed May 26 19:44:23 +0000 2010,14784250439,0,17,It’s time to close the revolving door between regulators and Big Oil once-and-for-all - I’m filing legislation http://bit.ly/cOwE7V,SenBillNelson,Bill Nelson,Florida,Democratic
341,Tue May 25 14:48:04 +0000 2010,14697429340,0,14,New investigation confirms drilling regulators buddy-buddy with Big Oil.  Read it here - http://billnelson.senate.gov/news/IGreport.pdf,SenBillNelson,Bill Nelson,Florida,Democratic
342,Mon May 24 13:57:41 +0000 2010,14624636458,0,3,My angel (Grace) and I are overjoyed. Our daughter has found her Mr. Right. http://bit.ly/bi4S8w,SenBillNelson,Bill Nelson,Florida,Democratic
343,Fri May 21 22:07:02 +0000 2010,14455317656,0,13,Just posted new never-before-seen BP video footage of robots working a mile underwater at oil spill site http://bit.ly/bmowCj,SenBillNelson,Bill Nelson,Florida,Democratic
344,Thu May 20 17:40:41 +0000 2010,14375823440,0,18,"Come with me - live from one-mile down, under the Gulf, at the oil spill - http://billnelson.senate.gov/",SenBillNelson,Bill Nelson,Florida,Democratic
345,Wed May 19 19:04:04 +0000 2010,14310885117,0,19,"Interior Dept. chief yesterday said there are some bad apples among the oil regulators.  To me, it looks like an orchard!",SenBillNelson,Bill Nelson,Florida,Democratic
346,Tue May 18 19:09:19 +0000 2010,14244742764,0,15,Have put a bunch more BP video on my site http://bit.ly/d80zfB and on my youtube channel at http://bit.ly/avEN5L,SenBillNelson,Bill Nelson,Florida,Democratic
347,Tue May 18 17:33:02 +0000 2010,14240341400,0,28,Previously unseen footage of BP well leak now available on my website - http://bit.ly/dtYiQD,SenBillNelson,Bill Nelson,Florida,Democratic
348,Tue May 18 15:47:02 +0000 2010,14234852980,0,16,Got word this am BP will bring more underwater video of oil spill to our 2:30 Commerce hearing. http://bit.ly/bKPOQc,SenBillNelson,Bill Nelson,Florida,Democratic
349,Fri May 14 19:31:20 +0000 2010,13993302936,0,6,Playing Hardball with Chris Matthews at 5 p.m. – hope we get to talk about oil regulators ignoring safety and environmental concerns.,SenBillNelson,Bill Nelson,Florida,Democratic
350,Fri May 14 13:53:38 +0000 2010,13977558013,0,12,"We’ve got to stop this - experts now say spill is much worse than thought, while BP chief says it’s “relatively tiny.” Unbelievable!",SenBillNelson,Bill Nelson,Florida,Democratic
351,Thu May 13 19:08:53 +0000 2010,13929631387,0,66,Senator from Alaska just sandbagged my bill to hold BP accountable for up to $10 billion for the oil spill.,SenBillNelson,Bill Nelson,Florida,Democratic
352,Wed May 12 18:34:49 +0000 2010,13865392362,0,3,My hearing on the future of space program about to get started with Neil Armstrong and others - watch it live here http://bit.ly/bO7eHL,SenBillNelson,Bill Nelson,Florida,Democratic
353,Wed May 12 16:51:34 +0000 2010,13860811306,0,5,USA Today supports offshore drilling expansion – I’m glad they invited me to share my opposing view http://bit.ly/am6EsH,SenBillNelson,Bill Nelson,Florida,Democratic
354,Tue May 11 19:42:36 +0000 2010,13805722090,0,34,"Word is climate bill might let rigs in Florida’s no-drill zone. If Sens. Kerry, Lieberman are following me on Twitter: that’s a non starter.",SenBillNelson,Bill Nelson,Florida,Democratic
355,Tue May 11 16:59:24 +0000 2010,13798523915,0,22,"Ban, baby, ban – that’s what I’ve asked Gov. Crist to do about any new drilling off FL. http://bit.ly/ayQnig",SenBillNelson,Bill Nelson,Florida,Democratic
356,Tue May 11 13:41:06 +0000 2010,13789127849,0,10,Have been invited to testify in Senate today about the oil rig explosion.  You can read my prepared remarks here - http://bit.ly/99UcDO,SenBillNelson,Bill Nelson,Florida,Democratic
357,Mon May 10 21:42:55 +0000 2010,13749353446,0,15,"Injecting golf balls into well isn’t reassuring that BP has a plan to stop oil slick, which could hit FL in 10 days http://bit.ly/bZnyrC",SenBillNelson,Bill Nelson,Florida,Democratic
358,Mon May 10 16:51:42 +0000 2010,13736088833,0,2,The first man on the moon makes a very rare public appearance here Wednesday at a hearing I’m chairing on the future of our space program.,SenBillNelson,Bill Nelson,Florida,Democratic
359,Mon May 10 14:16:50 +0000 2010,13728986808,0,13,"Mtg w officials in South FL in a bit - if BP doesn’t get this well capped, oil is going to cover the whole Gulf coast. http://bit.ly/bS40PG",SenBillNelson,Bill Nelson,Florida,Democratic
360,Tue May 04 21:28:43 +0000 2010,13385359655,0,13,About to meet with BP execs in my office - hopefully we’ll find out when they’ll be able to stop this underwater volcano.,SenBillNelson,Bill Nelson,Florida,Democratic
361,Tue May 04 13:40:33 +0000 2010,13365137489,0,4,Meeting on oil spill  with BP execs today at 5 p.m.  http://bit.ly/dnYCNA,SenBillNelson,Bill Nelson,Florida,Democratic
362,Mon May 03 16:30:35 +0000 2010,13314058937,0,14,This oil spill is our worst nightmare come true. I’m asking for investigation of lobbying on safety rules by Big Oil http://bit.ly/b4aNjX,SenBillNelson,Bill Nelson,Florida,Democratic
363,Mon May 03 16:14:51 +0000 2010,13313319499,0,1,"Went over 10,000 followers on Friday.  Thanks to y’all for getting the word out – and hello to our new followers!",SenBillNelson,Bill Nelson,Florida,Democratic
364,Wed Apr 28 22:34:46 +0000 2010,13032254787,0,8,"Holy cow – only need 43 more to hit 10,000 followers… help spread the word and put me over the top!",SenBillNelson,Bill Nelson,Florida,Democratic
365,Wed Apr 28 18:21:08 +0000 2010,13020789511,0,2,http://bit.ly/92rNtr,SenBillNelson,Bill Nelson,Florida,Democratic
366,Wed Apr 28 18:20:46 +0000 2010,13020773923,0,6,Got favorable response today to my request for a congressional probe of oil industry’s claims that it’s safe enough to drill near florida.,SenBillNelson,Bill Nelson,Florida,Democratic
367,Tue Apr 27 18:54:43 +0000 2010,12959456666,0,1,"So far partisanship has kept us from considering Wall Street reform.  Hopefully, we can break the divide.  http://bit.ly/cheB76",SenBillNelson,Bill Nelson,Florida,Democratic
368,Fri Apr 23 18:47:44 +0000 2010,12718396210,0,1,"Based on all the tweets yesterday, nobody saw Denver coming! http://bit.ly/d8Ree7",SenBillNelson,Bill Nelson,Florida,Democratic
369,Thu Apr 22 21:38:31 +0000 2010,12662533685,0,4,"Ok, it’s draft time – so where do y’all think Tim Tebow’s going to end up?",SenBillNelson,Bill Nelson,Florida,Democratic
370,Thu Apr 22 15:36:50 +0000 2010,12645591673,0,2,"Happy Earth Day. Did you know Sen. Nelson had a hand in launching the movement?  Gaylord Nelson, that is. http://bit.ly/bFlJoR",SenBillNelson,Bill Nelson,Florida,Democratic
371,Wed Apr 21 19:59:59 +0000 2010,12594942373,0,4,At budget cmte – looks like we’ll get another $1 billion for NASA next year. Could save jobs. Here’s what I had to say http://bit.ly/cdzz9Z,SenBillNelson,Bill Nelson,Florida,Democratic
372,Tue Apr 20 16:20:57 +0000 2010,12524817978,0,1,Saddened by Dorothy Height’s passing - she certainly left her mark in America’s history as a pioneer of civil rights http://bit.ly/bRC45D,SenBillNelson,Bill Nelson,Florida,Democratic
373,Fri Apr 16 20:34:20 +0000 2010,12303147918,0,1,At the Clinton Global Initiative mtg – looking forward to meeting the students who are doing extraordinary work http://bit.ly/dCevgw,SenBillNelson,Bill Nelson,Florida,Democratic
374,Fri Apr 16 18:41:37 +0000 2010,12298355549,0,1,Toured Univision in Miami today – Elizabeth and the rest of the folks there are doing a heck of a job!,SenBillNelson,Bill Nelson,Florida,Democratic
375,Thu Apr 15 22:30:55 +0000 2010,12247857427,0,2,Was great playing Hardball w Chris Matthews about Obama’s plan for space exploration. See it here - http://bit.ly/9WF0kz,SenBillNelson,Bill Nelson,Florida,Democratic
376,Thu Apr 15 19:43:19 +0000 2010,12240565353,0,6,Listen to my reaction to Obama’s plan for space here - http://billnelson.senate.gov/audiofiles/NelsonSpace.wma,SenBillNelson,Bill Nelson,Florida,Democratic
377,Thu Apr 15 18:58:35 +0000 2010,12238689859,0,2,At KSC - Crowd here anxiously awaiting president’s speech on space program http://bit.ly/ajh7RZ,SenBillNelson,Bill Nelson,Florida,Democratic
378,Thu Apr 08 21:49:02 +0000 2010,11845144836,0,6,The White House announcement today of some extra work for NASA in Florida is a step in the right direction – but there are miles to go.,SenBillNelson,Bill Nelson,Florida,Democratic
379,Thu Apr 08 16:56:04 +0000 2010,11832930060,0,3,Judge says Chinese company at fault in drywall mess. It’s time our government stepped up the pressure on the Chinese. http://bit.ly/ctGzrO,SenBillNelson,Bill Nelson,Florida,Democratic
380,Tue Apr 06 18:16:13 +0000 2010,11711298220,0,2,FL to get $24 million for medical IT – read more here http://billnelson.senate.gov/news/details.cfm?id=323635&,SenBillNelson,Bill Nelson,Florida,Democratic
381,Tue Mar 23 14:49:01 +0000 2010,10928535934,0,7,Headed to the White House for historic signing of health care bill,SenBillNelson,Bill Nelson,Florida,Democratic
382,Tue Mar 16 14:32:27 +0000 2010,10572276143,0,9,Headed to Oval Office for meeting with the president about America’s space program. Lots of folks unhappy with newly released plan for NASA.,SenBillNelson,Bill Nelson,Florida,Democratic
383,Wed Mar 10 19:20:41 +0000 2010,10284858681,0,6,Met some really extraordinary women this morning - volunteer WWII pilots. They're getting long overdue honors. http://bit.ly/9vBihk,SenBillNelson,Bill Nelson,Florida,Democratic
384,Tue Mar 09 21:03:44 +0000 2010,10237707523,0,7,Hard to believe: it’s been three years today since former FBI agent Bob Levinson disappeared in Iran. http://www.helpboblevinson.com/,SenBillNelson,Bill Nelson,Florida,Democratic
385,Mon Mar 08 14:47:33 +0000 2010,10173443675,0,3,Glad President Obama has decided to come to Florida next month and elaborate on his plans for our nation’s space program.,SenBillNelson,Bill Nelson,Florida,Democratic
386,Fri Mar 05 16:15:10 +0000 2010,10030670323,0,4,Senate is considering financial reform today – I think executives who got golden parachutes should have been left without their shirts.,SenBillNelson,Bill Nelson,Florida,Democratic
387,Mon Mar 01 15:08:23 +0000 2010,9828360748,0,1,Down in Central Fla today to see where our stimulus bucks are going.  With VP at widening of U.S. 27.,SenBillNelson,Bill Nelson,Florida,Democratic
388,Fri Feb 26 20:28:06 +0000 2010,9695018378,0,6,The latest partisan stunt is getting in the way of helping Americans by temporarily blocking unemployment benefits http://bit.ly/cIxv10,SenBillNelson,Bill Nelson,Florida,Democratic
389,Wed Feb 24 19:43:24 +0000 2010,9589585478,0,5,We got a jobs bill passed today – it would give companies a strong incentive to hire new folks. Now we have to see what the House does.,SenBillNelson,Bill Nelson,Florida,Democratic
390,Wed Feb 24 16:39:33 +0000 2010,9582934823,0,5,NASA to boldly go - where?  http://www.newschief.com/article/20100224/NEWS/2245060/1053,SenBillNelson,Bill Nelson,Florida,Democratic
391,Tue Feb 23 19:10:24 +0000 2010,9538427340,0,2,Florida fishermen raised significant concerns with me today about new govt. fishing bans – I’m asking for a full review.,SenBillNelson,Bill Nelson,Florida,Democratic
392,Mon Feb 22 17:04:28 +0000 2010,9483962630,0,3,"StoryCorps bus now in Pensacola http://bit.ly/dCkaky – 50,000 Americans have so far recorded their stories for NPR and Library of Congress.",SenBillNelson,Bill Nelson,Florida,Democratic
393,Thu Feb 18 20:13:39 +0000 2010,9299081199,0,4,"I’m asking three federal agencies to investigate unusual cancer cases in South FL, here’s more http://bit.ly/clEATU",SenBillNelson,Bill Nelson,Florida,Democratic
394,Fri Feb 12 21:33:45 +0000 2010,9026673329,0,4,"En route back from Haiti. Distribution of food, supplies greatly improved. But urgent help still needed especially before the rainy season.",SenBillNelson,Bill Nelson,Florida,Democratic
395,Mon Feb 01 22:49:28 +0000 2010,8517293370,0,19,"Looking at administration’s budget for nasa – houston, we may have a problem.",SenBillNelson,Bill Nelson,Florida,Democratic
396,Mon Feb 01 15:30:30 +0000 2010,8502396077,0,4,Reason for moving it is so they're not all in one place like sitting ducks. Also huge for the North Florida economy. http://bit.ly/bbdWUz,SenBillNelson,Bill Nelson,Florida,Democratic
397,Mon Feb 01 15:30:17 +0000 2010,8502387546,0,3,"In Jax this morning on Mayport landing a new carrier. Something Ander, Corrine and I have spent close to a decade fighting for.",SenBillNelson,Bill Nelson,Florida,Democratic
398,Wed Jan 27 18:01:47 +0000 2010,8287838668,0,9,"Obama in Tampa tomorrow where he’s announcing $8 B in stimulus money for high-speed rail, including some for a bullet train in Florida.",SenBillNelson,Bill Nelson,Florida,Democratic
399,Thu Jan 21 20:37:58 +0000 2010,8040634656,0,17,"Just got off phone with folks from the administration, they’ll be allowing kids from Haiti with critical injuries quick passage to the U.S.",SenBillNelson,Bill Nelson,Florida,Democratic
400,Tue Jan 19 18:15:35 +0000 2010,7954309353,0,2,Still pressing gov’t for one-year medical visas for the youngest and worst traumatized victims of the quake http://bit.ly/7Tq01D,SenBillNelson,Bill Nelson,Florida,Democratic
401,Wed Jan 13 22:18:37 +0000 2010,7724169574,0,10,For some ways to help Haiti earthquake victims: http://www.billnelson.senate.gov/2010haitiearthquake.cfm,SenBillNelson,Bill Nelson,Florida,Democratic
402,Wed Jan 13 15:07:49 +0000 2010,7710858956,0,2,My heart and prayers go out to the people in Haiti.,SenBillNelson,Bill Nelson,Florida,Democratic
403,Tue Jan 12 17:56:30 +0000 2010,7676889386,0,7,Big grassroots rallies today to help bring high speed rail to Florida http://bit.ly/6MayM8,SenBillNelson,Bill Nelson,Florida,Democratic
404,Tue Jan 12 16:13:37 +0000 2010,7673722113,0,3,Went on quite a ride - 24 years ago today http://www.upi.com/Odd_News/2010/01/12/The-almanac/UPI-51371263285000/,SenBillNelson,Bill Nelson,Florida,Democratic
405,Thu Dec 24 13:37:11 +0000 2009,6999460294,0,6,"Senate just passed health care with my vote. Not a perfect bill, but good. It’ll let a lot more people get medical coverage.",SenBillNelson,Bill Nelson,Florida,Democratic
406,Thu Dec 10 19:09:04 +0000 2009,6540535675,0,4,@mmarkarian thanks to humane society for supporting a ban on harmful species http://bit.ly/7rmSpt,SenBillNelson,Bill Nelson,Florida,Democratic
407,Thu Dec 10 18:37:26 +0000 2009,6539649747,0,7,"Bunch of us (me, LeMieux, Reps. Brown, Mica) had heart-to-heart with US transportation boss last night. Optimistic FL will get bullet train.",SenBillNelson,Bill Nelson,Florida,Democratic
408,Thu Dec 10 14:43:52 +0000 2009,6532973264,0,1,A guy who punched someone outside one of my speeches on health-care reform gets sent to anger classes http://bit.ly/4XiGdx,SenBillNelson,Bill Nelson,Florida,Democratic
409,Wed Dec 02 21:16:21 +0000 2009,6281313942,0,7,I told my wife Grace not to push the refresh button so many times http://bit.ly/7PVDUs,SenBillNelson,Bill Nelson,Florida,Democratic
410,Wed Dec 02 17:45:12 +0000 2009,6275752259,0,1,I think the president offered a sensible plan to empower the Afghan people and allow for our troops to complete their mission and come home.,SenBillNelson,Bill Nelson,Florida,Democratic
411,Wed Nov 18 20:49:17 +0000 2009,5836768965,0,5,Usually where there’s smoke there’s fire – that’s why I’m calling for an investigation into the drug price hikes http://bit.ly/2Qul6W,SenBillNelson,Bill Nelson,Florida,Democratic
412,Wed Nov 18 20:48:58 +0000 2009,5836760762,0,2,"What? Drug makers hiking prices even more, despite promises to shave costs to help pay for health reform?  http://bit.ly/4DfU1b",SenBillNelson,Bill Nelson,Florida,Democratic
413,Tue Nov 17 20:20:54 +0000 2009,5805157638,0,2,"I usually drink my first cup of coffee watching Morning Joe, wonder if he'd host Hillary and Palin talking over a cup? http://bit.ly/1JLLVt",SenBillNelson,Bill Nelson,Florida,Democratic
414,Tue Nov 17 16:43:05 +0000 2009,5800038781,0,1,We’ll be voting on big military projects today. Stuff like getting ready for one day moving a huge Navy carrier to Florida.,SenBillNelson,Bill Nelson,Florida,Democratic
415,Thu Oct 22 17:43:57 +0000 2009,5074840691,0,1,I will continue to fight to get NASA funding for the next generation of human spaceflight. More on what we need to do http://bit.ly/1Q1aG9,SenBillNelson,Bill Nelson,Florida,Democratic
416,Tue Oct 13 18:59:38 +0000 2009,4841789965,0,1,"Just voted for the Finance Committee’s health-care bill, I’ll be on CNN about it just after 3 p.m.",SenBillNelson,Bill Nelson,Florida,Democratic
417,Wed Sep 09 23:46:11 +0000 2009,3874796648,0,1,Health-insurance exchanges will help the nearly one-in-four Floridians who don’t have or cannot get affordable health insurance.,SenBillNelson,Bill Nelson,Florida,Democratic
418,Wed Sep 09 23:45:25 +0000 2009,3874780995,0,1,Just read excerpts from President’s speech for tonight. I’m glad the president is proposing insurance exchanges.,SenBillNelson,Bill Nelson,Florida,Democratic
419,Fri Jul 24 20:04:04 +0000 2009,2824860751,0,1,Meeting with folks in Orl. hurt by decline in tourism worsened by gov’t blacklisting. Talking about ways to end it http://tinyurl.com/nzhzst,SenBillNelson,Bill Nelson,Florida,Democratic